V0001;Unidade da Federa��o
V0024;Estrato
UPA_PNS;UPA
V0006_PNS;N�mero de ordem do domic�lio na PNS
V0015;Tipo da entrevista
V0020;Ano de refer�ncia
V0022;Total de moradores
V0026;Tipo de situa��o censit�ria
V0031;Tipo de �rea
V0025A;Sele��o do morador de 15 anos ou mais para responder o question�rio individual
V0025B;Sele��o do morador de 15 anos ou mais para ter medida antropom�trica aferida
A001;Tipo do domic�lio
A002010;Qual � o material que predomina na constru��o das paredes externas deste domic�lio?
A003010;Material predominante na cobertura (telhado) do domic�lio
A004010;Qual � o material que predomina no piso deste domic�lio
A01001; Quantos c�modos t�m este domic�lio
A011;Quantos c�modos est�o servindo permanentemente de dormit�rio para os moradores deste domic�lio
A005010;Qual � a principal forma de abastecimento de �gua deste domic�lio
A005012;Este domic�lio est� ligado � rede geral de distribui��o de �gua? 
A00601; A �gua utilizada neste domic�lio chega
A009010; A �gua utilizada para beber neste domic�lio �
A01401;Quantos banheiros (com chuveiro ou banheira e vaso sanit�rio ou privada) de uso exclusivo dos moradores existem neste domic�lio, inclusive os localizados no terreno ou propriedade
A01402;Quantos banheiros (com chuveiro ou banheira e vaso sanit�rio ou privada) de uso comum a mais de um domicilio, existem neste terreno ou propriedade
A01403;Utiliza sanit�rio ou buraco para deje��es, inclusive os localizados no terreno ou na propriedade (cercado por paredes de qualquer material
A01501;Para onde vai o esgoto do banheiro? Ou Para onde vai o esgoto do sanit�rio ou do buraco para deje��es?
A016010;Qual o (principal) destino dado ao lixo
A018011;Neste domic�lio existe televis�o em cores 
A018012;Quantos?
A018013;Neste domic�lio existe geladeira 
A018014;Quantos?
A018015;Neste domic�lio existe m�quina de lavar roupa 
A018016;Quantos?
A018017;Neste domic�lio existe telefone fixo convencional
A018018;Quantos?
A018019;Neste domic�lio existe telefone m�vel celular 
A018020;Quantos?
A018021;Neste domic�lio existe forno micro-ondas
A018022;Quantos?
A018023;Neste domic�lio existe computador (considere inclusive os port�teis, tais como: laptop, notebook ou netbook)?  
A018024;Quantos?
A018025;Neste domic�lio existe motocicleta
A018026;Quantos?
A018027;Neste domic�lio existe autom�vel
A018028;Quantos?
A01901;Algum morador tem acesso � Internet no domic�lio por meio de computador, tablet, telefone m�vel celular, televis�o ou outro equipamento?
A02101;No seu domic�lio, h� trabalhador (as) dom�stico(as) que trabalham em seu domic�lio tr�s vezes ou mais por semana (empregada dom�stica, bab�, cuidador etc.)
A02102;Quantos?
A02201; Em seu domic�lio, h� algum animal de estima��o
A02305;Quantos destes animais s�o gatos
A02306;Quantos destes animais s�o cachorros
A02307;Quantos destes animais s�o aves
A02308;Quantos destes animais s�o peixes
A02401;Nos �ltimos 12 meses, quantos gatos foram vacinados contra raiva?
A02402;Nos �ltimos 12 meses , quantos cachorros foram vacinados contra raiva?
B001;O seu domic�lio est� cadastrado na unidade de sa�de da fam�lia 
B002;. Quando o seu domic�lio foi cadastrado
B003;Nos �ltimos doze meses, com que frequ�ncia o seu domic�lio recebeu uma visita de algum Agente Comunit�rio ou algum membro da Equipe de Sa�de da Fam�lia? 
B004;Nos �ltimos doze meses, com que frequ�ncia o seu domic�lio recebeu uma visita de algum agente de endemias (como a dengue, por exemplo)
C001;N�mero de pessoas no domic�lio
C00301;N�mero de ordem do morador
C004;Condi��o no domic�lio
C006;Sexo
C00701;Dia de nascimento
C00702;M�s de nascimento
C00703;Ano de nascimento
C008;Idade do morador na data de refer�ncia
C009;Cor ou ra�a
C01001;C�njuge ou companheiro(a) mora em nesse domic�lio.
C010010;N�mero de ordem do c�njuge ou companheiro(a)
C013;C�njuge ou companheiro(a) mora em outro domic�lio.
C014;Qual � a natureza dessa uni�o? 
C015;Esta uni�o � registrada em cart�rio? 
C016;Foi realizada cerim�nia religiosa para esta uni�o? 
C017;___j� viveu com c�njuge ou companheiro (a) antes? 
C018;Que idade ___tinha quando come�ou a viver com seu(sua) primeiro(a)/�nico(a) marido (mulher) ou companheiro(a)?  
C01801;Que idade ___tinha quando come�ou a viver com seu(sua) primeiro(a)/�nico(a) marido (mulher) ou companheiro(a)?   
C011;Qual � o estado civil de ___? 
C012;Informante do M�dulo C
D001;Sabe ler e escrever
D00201;Frequenta escola ou creche
D00202;A escola que frequenta � da
D00301;Qual � o curso que frequenta
D00501; Esse curso que ___ frequenta � dividido em
D006;Qual � o ano/semestre/s�rie que ___frequenta?
D00601 ;Qual � a etapa do ensino fundamental que ___ frequenta
D007; ___j� concluiu algum outro curso superior de gradua��o
D008;Anteriormente ___frequentou escola ou creche
D00901;Qual foi o curso mais elevado que ___frequentou 
D010;A dura��o deste curso que ___frequentou anteriormente era de
D01101;Este curso que ___ frequentou anteriormente era dividido em
D01201;concluiu, com aprova��o, pelo menos o primeiro ano/semestre/s�rie deste curso que frequentou 
D01301;Qual foi o �ltimo ano/semestre/s�rie que ___ concluiu, com aprova��o, neste curso que frequentou 
D01302;Qual foi a etapa de ensino fundamental que ___frequentou
D01303;___concluiu os anos iniciais deste curso que frequentou 
D014;___concluiu este curso que frequentou 
D015;Informante do M�dulo D
E001;Na semana de___ a___ (semana de refer�ncia), ___ trabalhou ou estagiou, durante pelo menos uma hora, em alguma atividade remunerada em dinheiro
E002;Na semana de ___a___ (semana de refer�ncia), ___ trabalhou ou estagiou, durante pelo menos uma hora, em alguma atividade remunerada em produtos, mercadorias, moradia, alimenta��o, treinamento ou aprendizado etc
E003;Na semana de ___ a ___ (semana de refer�ncia), ___ fez algum bico ou trabalhou em alguma atividade ocasional remunerada durante pelo menos 1 hora
E004;Na semana de ___ a ___ (semana de refer�ncia), ___ ajudou durante pelo menos 1 hora, sem receber pagamento, no trabalho remunerado de algum morador do domic�lio ou de parente
E005;Na semana de ___ a ___ (semana de refer�ncia), ___ tinha algum trabalho remunerado do qual estava temporariamente afastado
E006011;Na semana de ___ a ___ (semana de refer�ncia), por que motivo ___ estava afastado desse trabalho
E008;A doen�a ou acidente foi relacionado ao trabalho?
E010010; Em ___ /___ /___ (�ltimo dia da semana de refer�ncia), fazia quanto tempo que ___ estava afastado desse trabalho
E010011;Tempo que estava afastado (De 1 m�s a menos de 1 ano)
E010012;Tempo que estava afastado (De 1 ano a menos de 2 anos) 
E010013;Tempo que estava afastado (De 2 anos a 98 anos)
E011;Quantos trabalhos ___tinha na semana de ___ a ___ 
E01201;Qual era a ocupa��o (cargo ou fun��o) que ___ tinha nesse trabalho
E01401;Nesse trabalho, ___ era
E014011;Trabalhador n�o remunerado em ajuda a membro do domic�lio ou parente 
E01402;Nesse trabalho, ___era servidor p�blico estatut�rio (federal, estadual ou municipal)
E01403;Nesse trabalho, ___tinha carteira de trabalho assinada
E01501;Qual era a principal atividade desse neg�cio/empresa
E01601;...recebia/fazia normalmente nesse trabalho rendimento/retirada em dinheiro?
E01602;Qual era o rendimento bruto mensal ou retirada que ___ fazia normalmente nesse trabalho?(valor em dinheiro)
E01603;...recebia/fazia normalmente nesse trabalho rendimento/retirada em produtos ou mercadorias?
E01604;Qual era o rendimento bruto mensal ou retirada que ___ fazia normalmente nesse trabalho?(valor estimado em produtos ou mercadorias)
E01605;...recebia/fazia normalmente nesse trabalho rendimento/retirada somente em benef�cios ?
E017;Quantas horas ___ trabalhava normalmente, por semana, nesse trabalho?
E01801;...recebia/fazia normalmente nesse(s) outro(s) trabalho(s) rendimento/retirada em dinheiro?
E01802;Qual era o rendimento bruto mensal ou retirada que ___ fazia normalmente nesse(s) outro(s) trabalho(s)?(valor em dinheiro)
E01803;...recebia/fazia normalmente nesse(s) outro(s) trabalho(s) rendimento/retirada em produtos ou mercadorias?
E01804;Qual era o rendimento bruto mensal ou retirada que ___ fazia normalmente nesse(s) outro(s) trabalho(s)?(valor estimado em produtos ou mercadorias)
E01805;...recebia/fazia normalmente nesse(s) outro(s) trabalho(s) rendimento/retirada somente em benef�cios ?
E019;Quantas horas ___ trabalhava normalmente, por semana, nesses outros trabalhos? 
E022;No per�odo de ___ a ___ (per�odo de refer�ncia de 30 dias), ___ tomou alguma provid�ncia para conseguir trabalho, seja um emprego ou um neg�cio pr�prio? 
E023011;No per�odo de ___ a ___ (per�odo de refer�ncia de 30 dias), qual foi a principal provid�ncia que ___ tomou para conseguir trabalho? 
E024011;Qual foi o principal motivo de ___ n�o ter tomado provid�ncia para conseguir trabalho no per�odo de ___ a ___ (per�odo de refer�ncia de 30 dias)?
E02402;Quanto tempo depois de __/__/__ (�ltimo dia da semana de refer�ncia) ___ ir� come�ar esse trabalho que conseguiu?
E024021;N�mero de meses para come�ar o trabalho que conseguiu.
E025;At� o dia ___ (�ltimo dia da semana de refer�ncia), fazia quanto tempo que___ estava sem qualquer trabalho e tentando conseguir trabalho?
E02501;fazia quanto tempo que vinha procurando trabalho (de 1 m�s a menos de 1 ano)
E02502;fazia quanto tempo que vinha procurando trabalho (de 1 ano a menos de 2 anos)
E02503;fazia quanto tempo vinha procurando trabalho (2 anos ou mais)
E026;Se tivesse conseguido um trabalho ___ poderia ter come�ado a trabalhar na semana de___ a ___ (semana de refer�ncia)
E02601;No per�odo de ___ a ___ (per�odo de refer�ncia de 358 dias), ___ trabalhou, por pelo menos 1 hora?
E02801;Na semana de ___a___ (semana de refer�ncia), ___ realizou tarefas de cuidados de moradores deste domic�lio que eram crian�as, idosos, enfermos ou pessoas com necessidades especiais, tais como: Auxiliar nos cuidados pessoais (alimentar, vestir, pentear, dar rem�dio, dar banho, colocar para dormir)
E02802;Na semana de ___a___ (semana de refer�ncia), ___ realizou tarefas de cuidados de moradores deste domic�lio que eram crian�as, idosos, enfermos ou pessoas com necessidades especiais, tais como: Auxiliar em atividades educacionais
E02803;Na semana de ___a___ (semana de refer�ncia), ___ realizou tarefas de cuidados de moradores deste domic�lio que eram crian�as, idosos, enfermos ou pessoas com necessidades especiais, tais como: Ler, jogar ou brincar
E02804;Na semana de ___a___ (semana de refer�ncia), ___ realizou tarefas de cuidados de moradores deste domic�lio que eram crian�as, idosos, enfermos ou pessoas com necessidades especiais, tais como: Monitorar ou fazer companhia dentro do domic�lio
E02805;Na semana de ___a___ (semana de refer�ncia), ___ realizou tarefas de cuidados de moradores deste domic�lio que eram crian�as, idosos, enfermos ou pessoas com necessidades especiais, tais como: Transportar ou acompanhar para escola, m�dico, exames, parque, pra�a, atividades sociais, culturais, esportivas ou religiosas
E02806;Outras tarefas de cuidados de moradores do domic�lio
E030;Na semana de ___ a ___ (semana de refer�ncia), ___ cuidou de parentes que n�o moravam neste domic�lio e que precisavam de cuidados (crian�as, idosos, enfermos ou pessoas com necessidades especiais)? 
E03101;Na semana de___a___ (semana de refer�ncia), ___fez tarefas dom�sticas para o pr�prio domic�lio, tais como: preparar ou servir alimentos, arrumar a mesa ou lavar as lou�as?
E03102;Na semana de___a___ (semana de refer�ncia), ___fez tarefas dom�sticas para o pr�prio domic�lio, tais como: cuidar da limpeza ou manuten��o de roupas e sapatos/
E03103;Na semana de___a___ (semana de refer�ncia), ___fez tarefas dom�sticas para o pr�prio domic�lio, tais como: fazer pequenos reparos ou manuten��o do domic�lio, do autom�vel, de eletrodom�sticos ou outros equipamentos? 
E03104;Na semana de___a___ (semana de refer�ncia), ___fez tarefas dom�sticas para o pr�prio domic�lio, tais como: Limpar ou arrumar o domic�lio, a garagem, o quintal ou o jardim? 
E03105;Na semana de___a___ (semana de refer�ncia), ___fez tarefas dom�sticas para o pr�prio domic�lio, tais como: Cuidar da organiza��o do domic�lio (pagar contas, contratar servi�os, orientar empregados etc.)? 
E03106;Na semana de___a___ (semana de refer�ncia), ___fez tarefas dom�sticas para o pr�prio domic�lio, tais como: Fazer compras ou pesquisar pre�os de bens para o domic�lio? 
E03107;Na semana de___a___ (semana de refer�ncia), ___fez tarefas dom�sticas para o pr�prio domic�lio, tais como: Cuidar dos animais dom�sticos? 
E03108;Na semana de___a___ (semana de refer�ncia), ___fez tarefas dom�sticas para o pr�prio domic�lio, tais como: Outras tarefas dom�sticas?
E032;. Na semana de___a___ (semana de refer�ncia), ___fez alguma tarefa dom�stica em domic�lio de parente? 
E033;. Na semana de___a___ (semana de refer�ncia), ___ qual foi o total de horas que dedicou �s atividades de cuidados de pessoas e/ou afazeres dom�sticos? 
E027;Informante do M�dulo E
F001011;Em (m�s da pesquisa) ___ recebia normalmente rendimento de aposentadoria ou pens�o de instituto de previd�ncia federal (INSS), estadual, municipal, ou do governo federal, estadual, municipal?
F001021;Valor habitualmente recebido
F007011;Em (m�s da pesquisa), ___ recebia normalmente rendimento de pens�o aliment�cia, doa��o ou mesada em dinheiro de pessoa que n�o morava no domic�lio?
F007021;Valor habitualmente recebido
F008011;Em (m�s da pesquisa), ___ recebia normalmente rendimento de aluguel ou arrendamento?
F008021;Valor habitualmente recebido
VDF001;Em (m�s da pesquisa), _______ recebia normalmente algum juro de caderneta de poupan�a e de outras aplica��es financeiras, dividendos, programas sociais, seguro-desemprego, seguro defeso ou outros rendimentos? 
VDF00102;Valor recebido em reais (VDF001)
F016;Informante do M�dulo F
G033;. ___ usa �culos ou outro aparelho de aux�lio para lidar com problemas de vis�o? 
G034;____________ faz uso de �culos? 
G035;Os �culos foram obtidos no SUS? 
G036;____________ faz uso de lentes de contato? 
G038;____________ faz uso de lupas ou lentes especiais? 
G039;As lupas ou lentes especiais foram obtidos no SUS? 
G040;____________ faz uso de bengala articulada? 
G041;A bengala articulada foi obtida no SUS? 
G042;____________ faz uso de c�o guia? 
G044; ____________ faz uso de algum outro aparelho de aux�lio para lidar com problemas de vis�o? 
G046;. ___ tem dificuldade permanente de enxergar mesmo usando �culos, lentes de contato ou lupas? 
G047; ___ tem dificuldade permanente de enxergar? 
G048;___ usa aparelho auditivo ou outro aparelho de aux�lio para ouvir melhor? 
G049;____________ faz uso de aparelho auditivo 
G050;O aparelho auditivo foi obtido no SUS? 
G051;____________ faz uso de implante coclear? 
G052;O implante coclear foi obtido no SUS? 
G053;____________ faz uso de sistema de frequ�ncia modulada individual (sistema FM)? 
G054;O sistema de frequ�ncia modulada individual (sistema FM) foi obtido no SUS? 
G055;____________ faz uso de algum outro aparelho de aux�lio para ouvir melhor? 
G057;" ___ tem dificuldade permanente de ouvir mesmo usando aparelhos auditivos? (Para moradores com 5 anos ou mais de idade.) OU ___ tem dificuldade permanente para ouvir sons como vozes ou m�sica, mesmo usando aparelhos auditivos? (Para moradores com 2 a 4 anos de idade.)"
G058;"___ tem dificuldade permanente de ouvir? (Para moradores com 5 anos ou mais de idade.) OU ___ tem dificuldade permanente de ouvir sons como vozes ou m�sica? (Para moradores com 2 a 4 anos de idade.)"
G05801;Sabe usar a L�ngua Brasileira de Sinais � Libras? (Para moradores com 5 anos ou mais de idade.)
G059;___ usa algum aparelho de aux�lio para se locomover? 
G060;____________ faz uso de cadeira de rodas? 
G061;A cadeira de rodas foi obtida no SUS? 
G062;____________ faz uso de bengala, muletas ou andador? 
G063;A bengala, muletas ou andador foram obtidas no SUS? 
G064;____________ faz uso de pr�tese? 
G065;A pr�tese foi obtida no SUS? 
G066;____________ faz uso de �rtese? 
G067;A �rtese foi obtida no SUS? 
G068;____________ faz uso de algum outro aparelho de aux�lio para se locomover? 
G070;"___ tem dificuldade permanente de caminhar ou subir degraus, mesmo usando pr�tese, bengala ou outro aparelho de aux�lio? (Para moradores com 5 anos ou mais de idade.) OU Comparado com crian�as da mesma idade, ___ tem dificuldade permanente para caminhar, mesmo usando pr�tese, bengala ou aparelho de aux�lio? (Para moradores com 2 a 4 anos de idade.) "
G071;"___ tem dificuldade permanente de caminhar ou subir degraus? (Para moradores com 5 anos ou mais de idade.) OU Comparado com crian�as da mesma idade, ___ tem dificuldade permanente para caminhar? (Para moradores com 2 a 4 anos de idade.)"
G072;___ usa algum aparelho de aux�lio para realizar movimentos com os membros superiores? 
G073;____________ faz uso de pr�tese para os membros superiores? 
G074;A pr�tese para os membros superiores foi obtida no SUS? 
G075;____________ faz uso de �rtese para os membros superiores? 
G076;A �rtese para os membros superiores foi obtida no SUS? 
G077;____________ faz uso de algum outro aparelho de aux�lio para realizar movimentos com os membros superiores? 
G079; ___tem dificuldade permanente para levantar uma garrafa com dois litros de �gua da cintura at� a altura dos olhos, mesmo usando pr�tese ou aparelho de aux�lio? (Somente para moradores com 5 anos ou mais de idade.) 
G080;"___ tem dificuldade permanente para pegar objetos pequenos, como bot�es e l�pis, ou abrir e fechar recipientes ou garrafas, mesmo usando pr�tese ou aparelho de aux�lio? (Somente para moradores com 5 anos ou mais de idade.)OUComparado com crian�as da mesma idade, ___ tem dificuldade permanente para pegar objetos pequenos, mesmo usando pr�tese ou aparelho de aux�lio? (Para moradores com 2 a 4 anos de idade.)"
G081;___ tem dificuldade permanente para levantar uma garrafa com dois litros de �gua da cintura at� a altura dos olhos? (Somente para moradores com 5 anos ou mais de idade.) 
G082;"___ tem dificuldade permanente para pegar objetos pequenos, como bot�es e l�pis, ou abrir e fechar recipientes ou garrafas? (Somente para moradores com 5 anos ou mais de idade.)OUComparado com crian�as da mesma idade, ___ tem dificuldade permanente para pegar objetos pequenos? (Para moradores com 2 a 4 anos de idade.)"
G083;"Por causa de alguma limita��o nas fun��es mentais ou intelectuais, _________ tem dificuldade permanente para realizar atividades habituais, como se comunicar, realizar cuidados pessoais, trabalhar, ir � escola, brincar, etc.? (Para moradores com 5 anos ou mais de idade.) OU Por causa de alguma limita��o nas fun��es mentais ou intelectuais, _________ tem dificuldade permanente para realizar atividades habituais, como frequentar a escola, brincar e etc.? (Para moradores com 2 a 4 anos de idade.)"
G084;Nos �ltimos doze meses ___ recebe ou recebeu, algum cuidado em reabilita��o de forma regular? (Por reabilita��o quero dizer fisioterapia, terapia ocupacional, fonoaudiologia psicoterapia etc.)
G085;Onde voc� recebe (recebeu) esse cuidado em reabilita��o? 
G086;Como voc� conseguiu ter acesso a esse cuidado em reabilita��o? 
G032;Informante do M�dulo G
I00101;tem algum plano odontol�gico particular, de empresa ou �rg�o p�blico?
I00102;tem algum plano de sa�de m�dico particular, de empresa ou �rg�o p�blico?
I001021;Quantos?
I00103;Quem � o titular do plano de sa�de m�dico (�nico ou principal)?
I001031;N� de ordem do titular 
I005;H� quanto tempo sem interrup��o _____ possui esse plano de sa�de (�nico ou principal)? 
I006; ___ considera este plano de sa�de: 
I004;O plano de sa�de m�dico (�nico ou principal) que _____ possui � de institui��o de assist�ncia de servidor p�blico (municipal, estadual ou militar)? 
I00401;O plano de sa�de (�nico ou principal) de assist�ncia m�dica que ___ possui d� direito a consultas
I00402;O plano de sa�de (�nico ou principal) de assist�ncia m�dica que ___ possui d� direito a exames
I00403;O plano de sa�de (�nico ou principal) de assist�ncia m�dica que ___ possui d� direito a interna��es
I00404;O plano de sa�de (�nico ou principal) de assist�ncia m�dica que ___ possui d� direito a partos
I010010;Quem paga a mensalidade deste plano de sa�de?
I012;Informante do M�dulo I
J001;De um modo geral, como � o estado de sa�de de________
J00101;Considerando sa�de como um estado de bem-estar f�sico e mental, e n�o somente a aus�ncia de doen�as, como � o estado de sa�de de _____________? 
J002; Nas duas �ltimas semanas, ___ deixou de realizar quaisquer de suas atividades habituais (trabalhar, ir � escola, brincar, afazeres dom�sticos etc.) por motivo da pr�pria sa�de
J003;Nas duas �ltimas semanas, quantos dias _____ deixou de realizar suas atividades habituais, por motivo da pr�pria sa�de
J00402; Qual foi o principal motivo de sa�de que impediu ___ de realizar suas atividades habituais nas duas �ltimas semanas 
J00404;Este motivo de sa�de estava relacionado ao trabalho
J005;Nas duas �ltimas semanas___ esteve acamado (a)
J006;Nas duas �ltimas semanas, quantos dias _____ esteve acamado (a)
J007;Algum m�dico j� deu o diagn�stico de alguma doen�a cr�nica, f�sica ou mental, ou doen�a de longa dura��o (de mais de 6 meses de dura��o) a ___
J00801;Alguma dessas doen�as limita de alguma forma suas atividades habituais (trabalhar, ir � escola, brincar, afazeres dom�sticos, etc.)
J009; ___ costuma procurar o mesmo lugar, mesmo m�dico ou mesmo servi�o de sa�de quando precisa de atendimento de sa�de
J01002;Quando est� doente ou precisando de atendimento de sa�de___ costuma procurar
J01101;Quando ____ consultou um m�dico pela �ltima vez
J012;Quantas vezes ___ consultou um m�dico nos �ltimos 12 meses
J01301;Quando ___ consultou um dentista pela �ltima vez
J014;Nas duas �ltimas semanas, ___ procurou algum lugar, servi�o ou profissional de sa�de para atendimento relacionado � pr�pria sa�de
J01502;Qual foi o motivo principal pelo qual ___ procurou atendimento relacionado � pr�pria sa�de nas duas �ltimas semanas
J01602;Onde ___ procurou o primeiro atendimento de sa�de por este motivo nas duas �ltimas semanas
J01701;Nessa primeira vez que procurou atendimento de sa�de por este motivo, nas duas �ltimas semanas
J01802;Por que motivo ___ n�o foi atendido(a) na primeira vez que procurou atendimento de sa�de nas duas �ltimas semanas
J019;Nas duas �ltimas semanas, quantas vezes ___ voltou a procurar atendimento de sa�de por este mesmo motivo
J02002;Onde ___ procurou o �ltimo atendimento de sa�de por este motivo nas duas �ltimas semanas
J021; Nessa �ltima vez que procurou atendimento de sa�de por este motivo, nas duas �ltimas semanas, ___ foi atendido (a)
J022010;Por que motivo ___ n�o foi atendido (a) nessa �ltima vez que procurou atendimento de sa�de nas duas �ltimas semanas
J023; Este servi�o de sa�de onde___ foi atendido era:
J024; Este atendimento de sa�de de ___ foi coberto por algum plano de sa�de
J025; ___ pagou algum valor por este atendimento de sa�de recebido nas duas �ltimas semanas 
J026;O atendimento de ___ foi feito pelo SUS
J02702;Qual foi o principal atendimento de sa�de que ___ recebeu?
J02901; Neste atendimento de ___, foi receitado algum medicamento
J03001; __conseguiu obter os medicamentos receitados? (Leia as op��es de resposta)
J03102;Qual o principal motivo de ___ n�o ter conseguido obter todos os medicamentos receitados
J032;Algum dos medicamentos foi coberto por plano de sa�de
J03301;Algum dos medicamentos foi obtido no programa Aqui Tem Farm�cia Popular
J034;Algum dos medicamentos foi obtido em servi�o p�blico de sa�de
J035; ___ pagou algum valor pelos medicamentos
J03602;Nas duas �ltimas semanas, por que motivo ___ n�o procurou servi�o de sa�de
J037;Nos �ltimos 12 meses, ___ ficou internado(a) em hospital por 24 horas ou mais
J038;Nos �ltimos 12 meses, quantas vezes ___ esteve internado(a)
J039;Qual foi o principal atendimento de sa�de que ___recebeu quando esteve internado(a) (pela �ltima vez) nos doze �ltimos meses
J04001;Quanto tempo em meses o morador ficou internado
J04002;Quanto tempo em dias o morador ficou internado
J041;O estabelecimento de sa�de em que ___ esteve internado(a) pela �ltima vez nos �ltimos 12 meses era
J042;A �ltima interna��o de ___ nos �ltimos 12 meses foi coberta por algum plano de sa�de
J043; ___ pagou algum valor por esta �ltima interna��o? (Entrevistador: se o(a) entrevistado(a) responder que pagou, mas teve reembolso total, marque a op��o 2) 
J044;Esta �ltima interna��o de ___ foi feita atrav�s do Sistema �nico de Sa�de (SUS)
J046;Nos �ltimos 12 meses, ___ teve atendimento de urg�ncia ou emerg�ncia no domic�lio
J047;Este atendimento foi coberto por algum plano de sa�de
J048;___pagou algum valor por este atendimento? (Entrevistador: se o(a) entrevistado(a) responder que pagou, mas teve reembolso total, marque a op��o 2) 
J049;Este atendimento foi feito atrav�s do Sistema �nico de Sa�de (SUS)
J051;Neste atendimento, ___ foi transportado por ambul�ncia para um servi�o de sa�de
J052;O transporte foi feito por
J05301;Nos �ltimos doze meses, ___ utilizou tratamento como acupuntura, homeopatia, plantas medicinais e fitoterapia, medita��o, yoga, tai chi chuan, lian gong ou outra pr�tica integrativa e complementar a sa�de?
J05402;Qual tratamento _________ fez uso Acupuntura
J05403;Qual tratamento _________ fez uso Homeopatia
J05404;Qual tratamento _________ fez uso plantas medicinais e fitoterapia
J05405;Qual tratamento _________ fez uso auriculoterapia
J05406;Qual tratamento _________ fez uso medita��o
J05407;Qual tratamento _________ fez uso Yoga
J05408;Qual tratamento _________ fez uso Tai chi chuan, Lian gong, Qi gong
J05409;Qual tratamento _________ fez uso Terapia comunit�ria integrativa
J054010;Qual tratamento _________ fez uso Outro
J056;___ pagou algum valor por este(s) tratamento(s) 
J057;Este(s) tratamento(s) foi (foram) feito(s) atrav�s do Sistema �nico de Sa�de (SUS):
J060;Informante do M�dulo J
K001;Em geral, que grau de dificuldade ___ tem para comer sozinho (a) com um prato colocado � sua frente, incluindo segurar um garfo, cortar alimentos e beber em um copo
K004;Em geral, que grau de dificuldade ___ tem para tomar banho sozinho(a) incluindo entrar e sair do chuveiro ou banheira
K007;Em geral, que grau de dificuldade ___ tem para ir ao banheiro sozinho(a) incluindo sentar e levantar do vaso sanit�rio
K010;Em geral, que grau de dificuldade ___ tem para se vestir sozinho(a), incluindo cal�ar meias e sapatos, fechar o z�per, e fechar e abrir bot�es
K013;Em geral, que grau de dificuldade ___ tem para andar em casa sozinho(a) de um c�modo a outro em um mesmo andar, como do quarto para a sala
K016;Em geral, que grau de dificuldade ___ tem para deitar-se ou levantar-se da cama sozinho(a)
K019;Em geral, que grau de dificuldade ___ tem para sentar-se ou levantar-se da cadeira sozinho
K01901;___ precisa de ajuda para realizar alguma(s) destas atividades (comer, tomar banho, ir ao banheiro, se vestir, andar em casa de um c�modo ao outro, deitar-se ou levantar-se da cama sozinho, sentar ou levantar da cadeira sozinho)
K02001; ___� recebe ajuda para realizar alguma(s) destas atividades
K02101;Na maioria das vezes, quem presta ajuda a ___ para realizar algumas dessas atividades
K02102;Essa pessoa que lhe presta ajuda � remunerada por este servi�o
K022;Em geral, que grau de dificuldade ___ tem para fazer compras sozinho(a), por exemplo de alimentos, roupas ou medicamentos
K025; Em geral, que grau de dificuldade ___ tem para administrar as finan�as sozinho(a) (cuidar do seu pr�prio dinheiro)
K028;Em geral, que grau de dificuldade ___ tem para tomar os rem�dios sozinho (a) (Engolir o rem�dio, organizar hor�rio e capacidade de lembrar de tomar o rem�dio) 
K031; Em geral, que grau de dificuldade ___ tem para ir ao m�dico sozinho(a)
K034;Em geral, que grau de dificuldade ___ tem para sair sozinho(a) utilizando um transporte como �nibus, metr�, t�xi, carro, etc.
K03401; ___ precisa de ajuda para realizar alguma(s) destas atividades (fazer compras, administrar as finan�as, tomar os rem�dios, ir ao m�dico, sair utilizando um transporte como �nibus, metr�, t�xi, carro, etc. )
K03501;___� recebe ajuda para realizar alguma(s) destas atividades
K03601;Na maioria das vezes, quem presta ajuda a ___ para realizar algumas dessas atividades?
K03602;Essa pessoa que lhe presta ajuda � remunerada por este servi�o?
K04301; ___faz uso de algum medicamento, que foi receitado por um m�dico, para uso regular ou cont�nuo (Di�rio)
K04302;Quantos medicamentos diferentes de uso regular ou cont�nuo, receitados pelo m�dico, ___ usou nas duas �ltimas semanas
K04401; Quando foi a �ltima vez que ___ fez exame de vista por profissional de sa�de
K045;Algum m�dico j� deu a ___ diagn�stico de catarata em uma ou em ambas as vistas
K046;Houve indica��o para realiza��o de cirurgia nos olhos para retirar a catarata
K047;___ fez a cirurgia
K048;Qual o principal motivo do(a) ___ n�o ter feito a cirurgia de catarata
K050;___ pagou algum valor pela cirurgia
K051;A cirurgia foi feita atrav�s do Sistema �nico de Sa�de (SUS)
K052;Nos �ltimos doze meses, ___ tomou vacina contra gripe
K05302;Qual o principal motivo por n�o ter tomado a vacina contra gripe
K05401;Nos �ltimos doze meses, ___ teve alguma queda
K05402;Nos �ltimos doze meses, na ocasi�o dessa(as) queda(as) ocorrida(s) ___ procurou o servi�o de sa�de
k055; Na ocasi�o dessa(s) queda(s) nos �ltimos doze meses, ___ fraturou quadril ou f�mur
K05601;____ fez cirurgia por causa dessa fratura
K05602;___ teve coloca��o de pr�tese
K062;Informante do M�dulo K
L01701;Leite materno?
L01702;Outro leite ou derivados de leite?
L01703;�gua?
L01704;Ch�?
L01705;Mingau?
L01706;Frutas ou suco natural de frutas?
L01707;Sucos artificiais?
L01708;Verduras/legumes?
L01709;Feij�o ou outras leguminosas (lentilha, ervilha etc)?
L01710;Carnes ou ovos?
L01711;Batata e outros tub�rculos e ra�zes (batata doce, mandioca)?
L01712;Cereais e derivados (arroz, p�o, cereal, macarr�o, farinha, etc)?
L01713;Biscoitos ou bolachas ou bolo?
L01714;Doces, balas ou outros alimentos com a��car?
L01715;Refrigerantes?
L01716;Outros?
L018;Desde que ___________nasceu, tomou ou comeu outro alimento que n�o leite materno? 
L019;Alguma vez ___________ recebeu Sulfato Ferroso? 
L021;Foi realizado o teste do pezinho? 
L022;"Quando foi realizado o teste do pezinho?"
L023;Quanto tempo depois da realiza��o do teste do pezinho, recebeu o resultado? 
L024;Foi realizado o teste de orelhinha? 
L025;Quando foi realizado o teste da orelhinha? 
L026;Quanto tempo depois da realiza��o do teste da orelhinha voc� recebeu o resultado? 
L027;Foi realizado o teste do olhinho? 
L028;O teste do olhinho foi realizado nas primeiras 24 horas de vida?
L029;Recebeu o resultado do olhinho na hora em que o exame foi realizado? 
L030;Foi realizado o teste do cora��ozinho? 
L031;O teste do cora��ozinho foi realizado entre 24 e 48 horas de vida quando ele (a) ainda estava na maternidade?
L032;Recebeu o resultado do teste do cora��ozinho realizado? 
L033;O teste do cora��ozinho realizado deu resultado alterado? 
L034;Fez exame complementar?
L035;Recebeu o cart�o de vacina��o ou caderneta de sa�de da crian�a? 
L036;O(A) morador(a) mostrou a caderneta de sa�de da crian�a
L037;Vacina Penta (tamb�m chamada de Pentavalente, DTP/Hib/HB)
L038;Vacina Poliomielite (tamb�m chamada de gotinha, VIP, VOP, P�LIO, ANTIP�LIO, POLIOMIELITE, SABIN) 
L039;Vacina Pneumoc�cica (tamb�m chamada de Pneumo 10, Pneumo 13, Pncc)
L040;Vacina Tr�plice Viral (tamb�m chamada SCR, TRIVIRAL, TV, MMR). 
L042;O informante desta parte foi:
M001;Entrevista do adulto selecionado
M002;Identifica��o da m�e do morador selecionado
M00203; Morador selecionado est� apto para responder? 
M00302;O informante desta parte �:
M00303;Normalmente, quantos dias na semana o(a) Sr(a) se desloca(va) de casa para o(s) trabalho(s)
M00401;Quanto tempo em horas o(a) Sr(a) gasta(va), normalmente, por dia, no deslocamento para o(s) seu(s) trabalho(s), considerando ida e volta
M00402;Quanto tempo em minutos o(a) Sr(a) gasta, normalmente, por dia, no deslocamento para o(s) seu(s) trabalho(s), considerando ida e volta
M005010;No(s) seu(s) trabalho(s), habitualmente, (s) o(a) Sr(a) trabalha(va) algum per�odo de tempo entre as 8 horas da noite e �s 5 horas da manh�
M005011;Quantas horas trabalha(va) por dia, habitualmente, no per�odo de 8 horas da noite e 5 horas da manh�
M00601;Com que frequ�ncia, habitualmente, o(a) Sr(a) trabalha(va) no hor�rio entre 8 horas da noite e 5 horas da manh� em algum dos seus trabalhos
M007; Em algum dos seus trabalhos, o(a) Sr(a) trabalha(va) em regime de turnos ininterruptos, isto �, por 24 horas seguidas
M008; Com que frequ�ncia o(a) Sr(a) trabalha(va) por 24 horas seguidas
M009;O(a) Sr(a) normalmente trabalha(va) em ambientes
M01001;Nos �ltimos 30 dias, algu�m fumou no mesmo ambiente fechado onde o(a) Sr(a) trabalhava (todos os trabalhos)
M011011; No(s) seu(s) trabalho(s), o(a) Sr(a) est�(estava) exposto(a) a algum destes fatores que podem afetar a sua sa�de. Manuseio de subst�ncias qu�micas (agrot�xicos, gasolina, diesel, formol, chumbo, merc�rio, cromo, quimioter�picos etc.)
M011021;No(s) seu(s) trabalho(s), o(a) Sr(a) est� exposto(a) a algum destes fatores que podem afetar a sua sa�de Exposi��o a ru�do (barulho intenso) 
M011031; No(s) seu(s) trabalho(s), o(a) Sr(a) est� exposto(a) a algum destes fatores que podem afetar a sua sa�de Exposi��o longa ao sol
M011041; No(s) seu(s) trabalho(s), o(a) Sr(a) est� exposto(a) a algum destes fatores que podem afetar a sua sa�de Manuseio de material radioativo (transporte, recebimento, armazenagem, trabalho com raio-x)
M011051;No(s) seu(s) trabalho(s), o(a) Sr(a) est� exposto(a) a algum destes fatores que podem afetar a sua sa�de Manuseio de res�duos urbanos (lixo) 
M011061;No(s) seu(s) trabalho(s), o(a) Sr(a) est� exposto(a) a algum destes fatores que podem afetar a sua sa�de Exposi��o a material biol�gico (sangue, agulhas, secre��es)
M011071;No(s) seu(s) trabalho(s), o(a) Sr(a) est� exposto(a) a algum destes fatores que podem afetar a sua sa�de Exposi��o � poeira mineral (p� de m�rmore, de areia, de brita, de vidro (s�lica), de amianto (asbesto), de ferro ou a�o)
M01401;Com quantos familiares ou parentes ___ pode contar em momentos bons ou ruins
M01501; Com quantos amigos pr�ximos ___ pode contar em momentos bons ou ruins (Sem considerar os familiares ou parentes
M01601;Nos �ltimos doze meses, com que frequ�ncia o(a) Sr(a) se reuniu com outras pessoas para pr�tica de atividades esportivas, exerc�cios f�sicos, recreativos ou art�sticos
M01701;Nos �ltimos doze meses, com que frequ�ncia o(a) Sr(a) participou de reuni�es de grupos como associa��es de moradores ou funcion�rios, movimentos sociais/comunit�rios, centros acad�micos ou similares
M01801;Nos �ltimos 12 meses, com que frequ�ncia o(a) Sr(a) fez trabalho volunt�rio n�o remunerado
M01901;Nos �ltimos doze meses, com que frequ�ncia o(a) Sr(a) compareceu a atividades coletivas da sua religi�o ou de outra religi�o sem contar com situa��es como casamento, batizado, ou enterro)
N001;Em geral, como o(a) Sr(a) avalia a sua sa�de
N00101;Considerando sa�de como um estado de bem-estar f�sico e mental, e n�o somente a aus�ncia de doen�as, como voc� avalia o seu estado de sa�de? 
N004;Quando o(a) Sr(a) sobe uma ladeira, um lance de escadas ou caminha r�pido no plano, sente dor ou desconforto no peito
N005;Quando o(a) Sr(a) caminha em lugar plano, em velocidade normal, sente dor ou desconforto no peito
N006; O que o(a) Sr(a) faz se sente dor ou desconforto no peito
N00701;Quando o(a) Sr(a) para, o que acontece com a dor ou desconforto no peito
N008;O(A) Sr(a) pode me mostrar onde geralmente sente essa dor/desconforto no peito
N010;Nas duas �ltimas semanas, com que frequ�ncia o(a) Sr(a) teve problemas no sono, como dificuldade para adormecer, acordar frequentemente � noite ou dormir mais do que de costume?
N011;Nas duas �ltimas semanas, com que frequ�ncia o(a) Sr(a) teve problemas por n�o se sentir descansado(a) e disposto(a) durante o dia, sentindo-se cansado(a), sem ter energia? 
N012;Nas duas �ltimas semanas, com que frequ�ncia o(a) Sr(a) teve pouco interesse ou n�o senitiu prazer em fazer as coisas? 
N013;Nas duas �ltimas semanas, com que frequ�ncia o(a) Sr(a) teve problemas para se concentrar nas suas atividades habituais? 
N014;Nas duas �ltimas semanas, com que frequ�ncia o(a) Sr(a) teve problemas na alimenta��o, como ter falta de apetite ou comer muito mais do que de costume?
N015;Nas duas �ltimas semanas, com que frequ�ncia o(a) Sr(a) teve lentid�o para se movimentar ou falar, ou ao contr�rio ficou muito agitado(a) ou inquieto(a)?
N016;Nas duas �ltimas semanas, com que frequ�ncia o(a) Sr(a) se sentiu deprimido(a), �pra baixo� ou sem perspectiva?
N017;Nas duas �ltimas semanas, com que frequ�ncia o(a) Sr(a) se sentiu mal consigo mesmo, se achando um fracasso ou achando que decepcionou sua fam�lia?
N018;Nas duas �ltimas semanas, com que frequ�ncia o(a) Sr(a) pensou em se ferir de alguma maneira ou achou que seria melhor estar morto?
O00101; Atualmente, o(a) Sr(a) dirige autom�vel (inclusive t�xi, aplicativos de transporte e similares)
O00401;Com que frequ�ncia o(a) Sr(a) usa cinto de seguran�a quando dirige autom�vel (inclusive t�xi, aplicativos de transporte e similares)?
O00402;Com que frequ�ncia o(a) Sr(a) usa cinto de seguran�a quando anda no banco da frente como passageiro de autom�vel (inclusive t�xi, aplicativos de transporte e similares)?
O00501; Com que frequ�ncia o(a) Sr(a) usa cinto de seguran�a quando anda no banco de tr�s de autom�vel (inclusive t�xi, aplicativos de transporte e similares)?
O00201;Atualmente, o(a) Sr(a) dirige motocicleta
O00701;Com que frequ�ncia o(a) Sr(a) usa capacete quando dirige motocicleta
O00801;Com que frequ�ncia o(a) Sr(a) usa capacete quando anda como passageiro de motocicleta
O00802; Com que frequ�ncia o (a) senhor (a) manuseia o celular durante a condu��o de moto ou autom�vel (inclusive t�xi, aplicativos de transporte e similares)?
O00803;Com que frequ�ncia o (a) senhor (a) conduz moto ou autom�vel (inclusive t�xi, aplicativos de transporte e similares) acima da velocidade da via?
O009; Nos �ltimos doze meses, o(a) Sr(a) se envolveu em algum acidente de tr�nsito no qual tenha sofrido les�es corporais (ferimentos)
O00901;Quantos
O010;Algum desses acidentes de tr�nsito ocorreu quando o(a) Sr(a) estava trabalhando, indo ou voltando do trabalho
O01102;Durante o acidente de tr�nsito ocorrido nos �ltimos 12 meses, o(a) Sr(a) era: (Se houver mais de um, considere o mais grave)
O01401;Por causa deste acidente de tr�nsito o(a) Sr(a) deixou de realizar quaisquer de suas atividades habituais (trabalhar, realizar afazeres dom�sticos, ir � escola etc.)? 
O01501;"Para este acidente de tr�nsito, o(a) Sr(a) recebeu algum tipo de atendimento de sa�de?"
O01602;Onde o(a) Sr(a) recebeu o primeiro atendimento de sa�de
O01702;Quem lhe prestou atendimento no local do acidente
O019;Por causa deste acidente de tr�nsito, o(a) Sr(a) precisou ser internado por 24 horas ou mais? (Se houver mais de um, considere o mais grave)
O02001; O Sr(a) tem alguma sequela f�sica permanente decorrente deste acidente de tr�nsito? (Se houver mais de um, considere o mais grave)
O021;Nos �ltimos doze meses o(a) Sr(a) se envolveu em algum acidente de trabalho? (Sem considerar os acidentes de tr�nsito e/ou de deslocamento para o trabalho)
O02101;Quantos
O02201; Como consequ�ncia desse acidente de trabalho, o(a) Sr(a) deixou de realizar quaisquer de suas atividades habituais (trabalhar, realizar afazeres dom�sticos, ir � escola etc.)? 
O023;Por causa deste acidente de trabalho, o(a) Sr(a) precisou ser internado por 24 horas ou mais? (Se houver mais de um, considere o mais grave)
O02401; O(A) Sr(a) tem alguma sequela f�sica permanente decorrente desse acidente de trabalho
P00102;O(A) Sr(a) sabe seu peso? 
P00103;"Peso - Informado (em kg)(3 inteiros e 1 casa decimal)"
P00104;"Peso - Final (em kg)(3 inteiros e 1 casa decimal)"
P00201;Quanto tempo faz que o(a) Sr(a) se pesou da �ltima vez? 
P00402;O(A) Sr(a) sabe sua altura? (mesmo que seja valor aproximado) 
P00403;"Altura - Informada (em cm)(3 inteiros)"
P00404;"Altura - Final (em cm)(3 inteiros)"
P00405;Marca de imputa��o para altura e/ou peso referido
P005;A Sra est� gr�vida no momento?
P00601;Ontem o(a) Sr(a) comeu arroz, macarr�o, polenta, cuscuz ou milho verde. 
P00602;Batata comum, mandioca/aipim/macaxeira, car� ou inhame.
P00603;Feij�o, ervilha, lentilha ou gr�o de bico.
P00604;Carne de boi, porco, frango, peixe
P00605;Ovo (frito, cozido ou mexido ). 
P00607;Alface, couve, br�colis, agri�o ou espinfre.
P00608;Ab�bora, cenoura, batata doce ou quiabo/caruru. 
P00609;Tomate, pepino, abobrinha, berinjela, chuchu ou beterraba. 
P00610;Mam�o, manga, mel�o amarelo ou pequi. 
P00611;Laranja, banana, ma��, abacaxi. 
P00612;Leite
P00613;Amendoim, castanha de caju ou castanha do Brasil/Par� 
P00614;ONTEM o(a) Sr(a) tomou ou comeu:Refrigerante
P00615;Suco de fruta em caixinha ou lata ou refresco em p�. 
P00616; Bebida achocolatada ou iogurte com sabor. 
P00617;Salgadinho de pacote ou biscoito/bolacha salgado.
P00618;Biscoito/bolacha doce ou recheado ou bolo de pacote. 
P00619;Sorvete, chocolate, gelatina, flan ou outra sobremesa industrializada.
P00620;Salsicha, lingui�a, mortadela ou presunto. 
P00621;P�o de forma, de cachorro-quente ou de hamb�rguer.
P00622;Margarina, maionese, ketchup ou outros molhos industrializados. 
P00623;Macarr�o instant�neo, sopa de pacote, lasanha congelada ou outro prato congelado comprado pronto industrilizado.
P006;Em quantos dias da semana o(a) Sr(a) costuma comer feij�o? 
P00901;Em quantos dias da semana, o(a) Sr(a) costuma comer pelo menos um tipo de verdura ou legume (sem contar batata, mandioca, car� ou inhame) como alface, tomate, couve, cenoura, chuchu, berinjela, abobrinha? 
P01001;Em geral, o(a) Sr(a) costuma comer esse tipo de verdura ou legume: 
P01101;Em quantos dias da semana o(a) Sr(a) costuma comer carne vermelha (boi, porco, cabrito, bode, ovelha etc.)? 
P013;Em quantos dias da semana o(a) Sr(a) costuma comer frango/galinha? 
P015;Em quantos dias da semana o(a) Sr(a) costuma comer peixe? 
P02001;Em quantos dias da semana o(a) Sr(a) costuma tomar suco de caixinha/lata ou refresco em p� ? 
P02101;Que tipo de suco de caixinha/lata ou refresco em p� o(a) Sr(a) costuma tomar? (Ler as op��es de resposta) 
P01601;Em quantos dias da semana o(a) Sr(a) costuma tomar suco de fruta natural (inclu�da a polpa de fruta congelada)? 
P018;Em quantos dias da semana o(a) Sr(a) costuma comer frutas? 
P019;Em geral, quantas vezes por dia o(a) Sr(a) come frutas? 
P02002;Em quantos dias da semana o(a) Sr(a) costuma tomar refrigerante? 
P02102;Que tipo de refrigerante o(a) Sr(a) costuma tomar? 
P023;Em quantos dias da semana o(a) Sr(a) costuma tomar leite? (de origem animal: vaca, cabra, b�fala etc.) 
P02401;Que tipo de leite o(a) Sr(a) costuma tomar? 
P02501;Em quantos dias da semana o(a) Sr(a) costuma comer alimentos doces como biscoito/bolacha recheado, chocolate, gelatina, balas e outros?
P02602;Em quantos dias da semana o(a) Sr(a) costuma substituir a refei��o do almo�o por lanches r�pidos como sandu�ches, salgados, pizza, cachorro quente, etc? 
P02601;Considerando a comida preparada na hora e os alimentos industrializados, o(a) Sr(a) acha que o seu consumo de sal �:
P027;Com que frequ�ncia o(a) Sr(a) costuma consumir alguma bebida alco�lica?
P02801;Quantos dias por semana o(a) Sr(a) costuma consumir alguma bebida alco�lica? 
P029;Em geral, no dia que o(a) Sr(a) bebe, quantas doses de bebida alco�lica o(a) Sr(a) consome? 
P03201;Nos �ltimos trinta dias, o(a) Sr(a) chegou a consumir cinco ou mais doses de bebida alco�lica em uma �nica ocasi�o? 
P03202;Quando isso ocorreu, qual foi o n�mero m�ximo de doses consumido em uma �nica ocasi�o?
P03001;Nos �ltimos doze meses, quando consumiu bebida alco�lica, o(a) Sr(a) dirigiu logo depois de beber? 
P03301;Nos �ltimos doze meses, quantas vezes o(a) Sr(a) deixou de trabalhar, realizar afazeres dom�sticos, ir � escola, curso ou faculdade, fazer compras, etc. porque bebeu demais? 
P03302;Nos �ltimos doze meses, quantas vezes, depois/ap�s ter bebido, o(a) Sr(a) n�o conseguiu lembrar o que aconteceu? 
P03303;Nos �ltimos doze meses, algum parente, amigo ou profissional de sa�de disse que voc� estava bebendo demais ou para voc� parar de beber? 
P034;Nos �ltimos tr�s meses, o(a) Sr(a) praticou algum tipo de exerc�cio f�sico ou esporte? 
P035;Quantos dias por semana o(a) Sr(a) costuma  (costumava)praticar exerc�cio f�sico ou esporte?
P03701;Em geral, no dia que o(a) Sr(a) pratica exerc�cio ou esporte, quanto tempo em horas dura essa atividade? Horas 
P03702;Em geral, no dia que o(a) Sr(a) pratica (praticava) exerc�cio ou esporte, quanto tempo em minutos dura essa atividade?Minutos 
P036;Qual o exerc�cio f�sico ou esporte que o(a) Sr(a) pratica (praticava) com mais frequ�ncia? (Anotar apenas o primeiro citado) 
P038;No seu trabalho, o(a) Sr(a) anda bastante a p�? 
P039;No seu trabalho, o(a) Sr(a) faz faxina pesada, carrega peso ou faz outra atividade pesada que requer esfor�o f�sico intenso? 
P03904;Em uma semana normal, em quantos dias, o(a) Sr(a) anda bastante a p� ou faz essas atividades pesadas ou que requerem esfor�o f�sico no seu trabalho?
P03905;Em um dia normal, quanto tempo o(a) Sr(a) passa andando bastante a p� ou realizando essas atividades pesadas ou que requerem esfor�o f�sico no seu trabalho?Horas 
P03906;Em um dia normal, quanto tempo o(a) Sr(a) passa andando bastante a p� ou realizando atividades essas atividades pesadas ou que requerem esfor�o f�sico no seu trabalho? Minutos
P040;Para ir ou voltar do trabalho, o(a) Sr(a) faz algum trajeto a p� ou de bicicleta? 
P04001;Quantos dias por semana o(a) Sr(a) faz algum trajeto a p� ou bicicleta? 
P04101;Quanto tempo o(a) Sr(a) gasta, por dia, para percorrer este trajeto a p� ou de bicicleta, considerando a ida e a volta do trabalho?Horas 
P04102;Quanto tempo o(a) Sr(a) gasta, por dia, para percorrer este trajeto a p� ou de bicicleta, considerando a ida e a volta do trabalho?Minutos
P042;Nas suas atividades habituais (tais como ir a algum curso, escola ou clube ou levar algu�m a algum curso, escola ou clube), quantos dias por semana o(a) Sr(a) faz alguma atividade que envolva deslocamento a p� ou bicicleta? (Exceto o trabalho)
P04301;No dia em que o(a) Sr(a) faz essa(s) atividade(s), quanto tempo o(a) Sr(a) gasta no deslocamento a p� ou de bicicleta, considerando Ida e Volta?Horas
P04302;No dia em que o(a) Sr(a) faz essa(s) atividade(s), quanto tempo o(a) Sr(a) gasta no deslocamento a p� ou de bicicleta, considerando Ida e Volta?Minutos
P044;Nas suas atividades dom�sticas, o(a) Sr(a) faz faxina pesada, carrega peso ou faz outra atividade pesada que requer esfor�o f�sico intenso? (n�o considerar atividade dom�stica remunerada) 
P04401;Em uma semana normal, nas suas atividades dom�sticas, em quantos dias o(a) Sr(a) faz faxina pesada ou realiza atividades que requerem esfor�o f�sico intenso? (n�o considerar atividade dom�stica remunerada)
P04405;Quanto tempo gasta, por dia, realizando essas atividades dom�sticas pesadas ou que requerem esfor�o f�sico intenso? (n�o considerar atividade dom�stica remunerada) Horas 
P04406;Quanto tempo gasta, por dia, realizando essas atividades dom�sticas pesadas ou que requerem esfor�o f�sico intenso? 
P04501;Em m�dia, quantas horas por dia o(a) Sr(a) costuma ficar assistindo televis�o? 
P04502;Em um dia, quantas horas do seu tempo livre (excluindo o trabalho), o(a) Sr(a) costuma usar computador, tablet ou celular para lazer, tais como: utilizar redes sociais, para ver not�cias, v�deos, jogar etc? 
P046;Perto do seu domic�lio, existe algum lugar p�blico (pra�a, parque, rua fechada, praia) para fazer caminhada, realizar exerc�cio ou praticar esporte? 
P04701;O(A) Sr(a) conhece algum programa p�blico de est�mulo � pr�tica de atividade f�sica no seu munic�pio? 
P04801;O(A) Sr(a) participa desse programa p�blico de est�mulo � pr�tica de atividade f�sica no seu munic�pio? 
P04902;Qual o principal motivo de n�o participar? 
P050;Atualmente, o(a) Sr(a) fuma algum produto do tabaco? 
P051;E no passado, o(a) Sr(a) fumou algum produto do tabaco diariamente? 
P052;E no passado, o(a) Sr(a) fumou algum produto do tabaco? 
P053;Que idade o(a) Sr(a) tinha quando come�ou a fumar produto de tabaco diariamente? 
P05401;Em m�dia, quanto fuma por dia ou por semana Cigarros industrializados
P05402;Quantos por dia
P05403;Quantos por semana
P05404;Em m�dia, quanto fuma por dia ou por semana Cigarros de palha ou enrolados a m�o? 
P05405;Quantos por dia
P05406;Quantos por semana
P05407;Em m�dia, quanto fuma por dia ou por semana Cigarros de cravo ou de Bali? 
P05408;Quantos por dia
P05409;Quantos por semana
P05410;Em m�dia, quanto fuma por dia ou por semana Cachimbos (considere cachimbos cheios)? 
P05411;Quantos por dia
P05412;Quantos por semana
P05413;Em m�dia, quanto fuma por dia ou por semana Charutos ou cigarrilhas? 
P05414;Quantos por dia
P05415;Quantos por semana
P05416;Em m�dia, quanto fuma por dia ou por semana Narguil� (sess�es)? 
P05417;Quantos por dia
P05418;Quantos por semana
P05419;Em m�dia, quanto fuma por dia ou por semana Outro
P05421;Quantos por dia
P05422;Quantos por semana
P055;Quanto tempo depois de acordar o(a) Sr(a) normalmente fuma pela primeira vez? 
P056;NA �LTIMA VEZ que o(a) Sr(a) comprou cigarros para uso pr�prio, quantos cigarros comprou? (Registre a quantidade e, quando necess�rio, registre os detalhes da unidade). 
P05601;Quantidade de cigarros
P05602;Quantidade de ma�os
P05603;Quantos cigarros havia em cada ma�o? 
P05604;Quantidade de pacotes
P05605;Quantos ma�os havia em cada pacote? 
P057;No total, quanto o(a) Sr(a) pagou por essa compra? 
P058;Em m�dia, quantos cigarros industrializados o(a) Sr(a) fumava por dia ou por semana?
P05801;Quantos por dia
P05802;Quantos por semana
P05901;N�mero de anos que parou de fumar
P05902;N�mero de meses que parou de fumar
P05903;N�mero de semanas que parou de fumar
P05904;N�mero de dias que parou de fumar
P05905;Nos �ltimos doze meses, durante algum atendimento, por m�dico ou outro profissional de sa�de, foi perguntado se o(a) Sr(a) fumava? 
P05906;Nos �ltimos doze meses, durante algum desses atendimentos o(a) Sr(a) foi aconselhado a parar de fumar? 
P060;Durante os �ltimos doze meses, o(a) Sr(a) tentou parar de fumar? 
P06101;Durante os �ltimos doze meses, quando o(a) Sr(a) tentou parar de fumar, usou aconselhamento por profissional de sa�de incluindo unidades de sa�de que oferecem tratamento para parar de fumar?  
P06102;O(A) Sr(a) pagou algum valor por esse aconselhamento?  
P06103;Esse aconselhamento foi feito pelo SUS? 
P06104;Durante os �ltimos 12 meses, quando o Sr(a) tentou parar de fumar, usou medicamento(s) que auxilia( m) as pessoas no processo de deixar de fumar, tais como adesivo, pastilha, spray, inalador, goma de mascar, bupropiona, champix/vareniclina, nortriptilina, Clonidina, etc? 
P06105;O(A) Sr(a) pagou algum valor por esse(s) medicamento(s)?  
P06106;Algum desses medicamentos foi obtido em servi�o p�blico de sa�de?
P06302;Durante os �ltimos 12 meses, por que o(a) Sr(a) n�o usou nem aconselhamento nem medicamento para tentar parar de fumar? 
P067;ATUALMENTE, o (a) Sr (a) masca fumo, usa rap� ou algum outro produto do tabaco que n�o faz fuma�a?
P06701;O(a) Sr(a) usa aparelhos eletr�nicos com nicotina l�quida ou folha de tabaco picado (cigarro eletr�nico, narguil� eletr�nico, cigarro aquecido ou outro dispositivo eletr�nico para fumar ou vaporizar)? 
P068;Com que frequ�ncia algu�m fuma dentro do seu domic�lio? 
P069;Nos �ltimos trinta dias, o(a) Sr(a) viu alguma propaganda ou an�ncio de cigarros nos pontos de venda de cigarros? 
P06901;Nos �ltimos 30 dias, o(a) Sr(a) viu alguma propaganda ou an�ncio de cigarros na internet, incluindo redes sociais (Facebook, Instagram, Twitter, WhatsApp, YouTube, Snapchat etc)? 
P07004;Viu ou ouviu informa��es nos jornais ou revistas?
P07005;Viu ou ouviu informa��es na televis�o?
P07006;Viu ou ouviu informa��es no r�dio?
P07007;Viu ou ouviu informa��es na internet, incluindo redes sociais?
P07101;Nos �ltimos trinta dias, viu alguma foto ou advert�ncia sobre os riscos de fumar nos ma�os de cigarros? 
P07201;NOS �LTIMOS 30 DIAS, as advert�ncias nos ma�os de cigarro que o(a) Sr(a) viu o levaram a pensar em parar de fumar? 
Q00101;Quando foi a �ltima vez que o (a) Sr(a) teve sua press�o arterial medida?
Q00201;Algum m�dico j� lhe deu o diagn�stico de hipertens�o arterial (press�o alta)? 
Q00202;Essa hipertens�o arterial (press�o alta) ocorreu apenas durante algum per�odo de gravidez? 
Q003;Que idade o(a) Sr(a) tinha no primeiro diagn�stico de hipertens�o arterial (press�o alta)? 
Q00401;O(A) Sr(a) vai ao m�dico/servi�o de sa�de regularmente para acompanhamento da hipertens�o arterial (press�o alta) ? 
Q00502;Qual o principal motivo do(a) Sr (a) n�o visitar o m�dico/servi�o de sa�de regularmente para acompanhamento da hipertens�o arterial (press�o alta)? 
Q00503;Algum m�dico j� lhe receitou algum medicamento para a hipertens�o arterial (press�o alta)? 
Q00601;Nas duas �ltimas semanas, o(a) Sr(a) tomou os medicamentos para controlar a hipertens�o arterial (press�o alta)? 
Q00602;Qual o principal motivo para o(a) Sr(a) n�o ter tomado os medicamentos receitados para a hipertens�o arterial (press�o alta)? 
Q00801;Algum dos medicamentos para hipertens�o arterial foi obtido no �Aqui tem farm�cia popular�? 
Q009;Algum dos medicamentos para hipertens�o arterial foi obtido em servi�o p�blico de sa�de? 
Q010;O(A) Sr(a) pagou algum valor pelos medicamentos? 
Q01101;Quando foi a �ltima vez que o(a) Sr(a) recebeu atendimento m�dico por causa da hipertens�o arterial? 
Q01202;Na �ltima vez que recebeu atendimento m�dico para hipertens�o arterial, onde o(a) Sr(a) foi atendido? 
Q014;O(A) Sr(a) pagou algum valor por este atendimento? (Entrevistador: Se o(a) entrevistado(a) responder que pagou mas teve reembolso total, marque a op��o 2) 
Q015;Esse atendimento foi feito pelo SUS? 
Q016;Na �ltima consulta, o m�dico que o(a) atendeu era o mesmo das consultas anteriores? 
Q017;Na �ltima consulta, o m�dico viu os exames das consultas passadas? 
Q018010;Orienta��es para manter uma alimenta��o saud�vel
Q018011;Manter o peso adequado
Q018012;Ingerir menos sal
Q018013;Praticar atividade f�sica regular
Q018014;N�o fumar
Q018015;N�o beber em excesso
Q018016;Fazer o acompanhamento regular com profissional de sa�de
Q018017;Fazer uso de acupuntura, plantas medicinais e fitoterapia, homeopatia, medita��o, yoga, tai chi chuan, liang gong ou alguma outra pr�tica integrativa e complementar
Q01910;Foi pedido exame de sangue?
Q019101;Realizou o exame de sangue?
Q01911;Foi pedido exame de urina?
Q019111;Realizou o exame de urina?
Q01912;Foi pedido eletrocardiograma?
Q019121;Realizou o eletrocardiograma?
Q01913;Foi pedido teste de esfor�o?
Q019131;Realizou o teste de esfor�o?
Q022;Em algum dos atendimentos para hipertens�o arterial, houve encaminhamento para alguma consulta com m�dico especialista, tais como cardiologista ou nefrologista? 
Q02301;O(A) Sr(a) foi �s consultas com o m�dico especialista? 
Q026;Alguma vez o(a) Sr(a) se internou por causa da hipertens�o ou de alguma complica��o? 
Q02701;H� quanto tempo foi a �ltima interna��o por causa da hipertens�o ou de alguma complica��o?
Q028;Em geral, em que grau a hipertens�o ou alguma complica��o da hipertens�o limita as suas atividades habituais (como trabalhar, estudar, realizar afazeres dom�sticos etc.)? 
Q02901;Quando foi a �ltima vez que o(a) Sr(a) fez exame de sangue para medir a glicemia, isto �, o a��car no sangue? 
Q03001;Algum m�dico j� lhe deu o diagn�stico de diabetes? 
Q03002;Esse diabetes ocorreu apenas durante algum per�odo de gravidez? 
Q031;Que idade o(a) Sr(a) tinha no primeiro diagn�stico do diabetes? 
Q03201;O(A) Sr(a) vai ao m�dico/servi�o de sa�de regularmente para acompanhamento do diabetes? 
Q03302;Qual o principal motivo do(a) Sr(a) n�o visitar o m�dico/servi�o de sa�de regularmente para acompanhamento do diabetes? 
Q03303;Algum m�dico j� lhe receitou algum medicamento oral para o diabetes? 
Q03403;Nas duas �ltimas semanas, por causa do diabetes, o(a) Sr(a) tomou os medicamentos orais para baixar o a��car ?
Q03404;Qual o principal motivo de ___ n�o ter tomado todos os medicamentos orais receitados para controlar o diabetes? 
Q03601;Algum dos medicamentos orais para diabetes foi obtido no �Aqui tem Farm�cia Popular�? 
Q03701;Algum dos medicamentos orais para diabetes foi obtido em servi�o p�blico de sa�de? 
Q03801;O(A) Sr(a) pagou algum valor pelos medicamentos orais para diabetes? 
Q03802;Algum m�dico j� lhe receitou insulina para controlar o Diabetes? 
Q03803;Usou a insulina receitada na �ltima prescri��o? 
Q03804;Qual o principal motivo de ___n�o ter usado a insulina para controlar o diabetes? 
Q03805;A insulina foi obtida no Aqui tem Farm�cia Popular (PFP)? 
Q03806;A insulina foi obtida em servi�o p�blico de sa�de? 
Q03807;O(A) Sr(a) pagou pela insulina para controlar o diabetes? 
Q03901;Quando foi a �ltima vez que o(a) Sr(a) recebeu atendimento m�dico por causa do diabetes? 
Q04002;Na �ltima vez que recebeu atendimento m�dico para diabetes, onde o(a) Sr(a) foi atendido? 
Q042;O(A) Sr(a) pagou algum valor por esse atendimento?
Q043;Esse atendimento foi feito pelo SUS? 
Q044;Na �ltima consulta, o m�dico que o(a) atendeu era o mesmo das consultas anteriores? 
Q045;Na �ltima consulta, o m�dico viu os exames das consultas passadas? 
Q046011;Orienta��es para manter uma alimenta��o saud�vel
Q046012;Manter o peso adequado
Q046013;Praticar atividade f�sica regular
Q046014;N�o fumar
Q046015;N�o beber em excesso
Q046016;Diminuir o consumo de massas e p�es
Q046017;Evitar o consumo de a��car, bebidas a�ucaradas e doces
Q046018;Medir a glicemia em casa
Q046019;Examinar os p�s regularmente
Q046020;Fazer uso de acupuntura, plantas medicinais e fitoterapia, homeopatia, medita��o, yoga, tai chi chuan, liang gong ou alguma outra pr�tica integrativa e complementar
Q046021;Fazer acompanhamento regular com profissional de sa�de
Q04707;Foi pedido Glicemia (a��car no sangue) ?
Q047071;Realizou o exame?
Q04708;Foi pedido Hemoglobina glicada?
Q047081;Realizou o exame?
Q04709;Foi pedido curva glic�mica?
Q047091;Realizou o exame?
Q04710;Foi pedido exame de urina?
Q047101;Realizou o exame?
Q04711;Foi pedido colesterol e/ou triglicer�deos?
Q047111;Realizou o exame?
Q050;Em algum dos atendimentos para diabetes, houve encaminhamento para alguma consulta com m�dico especialista, tal como cardiologista, endocrinologista, nefrologista ou oftalmologista? 
Q05101;O(A) Sr(a) foi �s consultas com m�dico especialista? 
Q05301;Quando foi a �ltima vez que realizaram um exame de vista ou fundo de olho em que dilataram sua pupila? 
Q05401;Quando foi a �ltima vez que um m�dico ou profissional de sa�de examinou seus p�s para verificar sensibilidade ou presen�a de feridas ou irrita��es? 
Q055011;Problemas na vista 
Q055012;Infarto ou AVC (Acidente Vascular cerebral) /derrame ou outro problema circulat�rio 
Q055013;Problema nos rins 
Q055014;�lcera/ferida nos p�s ou amputa��o de membros (p�s, pernas, m�os ou bra�os) 
Q055015;Coma diab�tico 
Q055016;Outro (Especifique)
Q056;Alguma vez o(a) Sr(a) se internou por causa do diabetes ou de alguma complica��o? 
Q05701;H� quanto tempo foi a �ltima interna��o por causa do diabetes ou de alguma complica��o?
Q058;Em geral, em que grau o diabetes ou alguma complica��o do diabetes limita as suas atividades habituais (tais como trabalhar, realizar afazeres dom�sticos etc.)? 
Q05901;Quando foi a �ltima vez que o(a) Sr(a) fez exame de sangue para medir o colesterol e triglicer�deos? 
Q060;Algum m�dico j� lhe deu o diagn�stico de colesterol alto? 
Q061;Que idade o(a) Sr(a) tinha no primeiro diagn�stico de colesterol alto? 
Q06207;Recomenda��o para manter uma alimenta��o saud�vel
Q06208;Recomenda��o para manter o peso adequado
Q06209;Recomenda��o para praticar atividade f�sica regular
Q06210;Recomenda��o para tomar medicamentos
Q06211;Recomenda��o para n�o fumar
Q06212;Recomenda��o para fazer acompanhamento regular com profissional de sa�de
Q06306;Algum m�dico j� lhe deu o diagn�stico de uma doen�a do cora��o, tal como infarto, angina, insufici�ncia card�aca ou outra?
Q06307;Infarto
Q06308; Angina 
Q06309;Insufici�ncia card�aca 
Q06310;Arritmia 
Q06311;Outra
Q064;Que idade o(a) Sr(a) tinha no primeiro diagn�stico da doen�a do cora��o? 
Q06506;Faz atualmente por causa da doen�a do cora��o: Dieta?
Q06507;Faz atualmente por causa da doen�a do cora��o: pr�tica de atividade f�sica regular?
Q06508;Faz atualmente por causa da doen�a do cora��o: toma medicamentos regularmente?
Q06509;Faz atualmente por causa da doen�a do cora��o acompanhamento regular?
Q06601;O(A) Sr(a) j� fez alguma cirurgia de ponte de safena ou cateterismo com coloca��o de stent ou angioplastia?
Q067;Em geral, em que grau a doen�a do cora��o limita as suas atividades habituais (tais como trabalhar, realizar afazeres dom�sticos etc.)?
Q068;Algum m�dico j� lhe deu o diagn�stico de AVC (Acidente Vascular Cerebral) ou derrame?
Q070;Que idade o(a) Sr(a) tinha no primeiro diagn�stico do derrame (ou AVC)? 
Q07208;Faz atualmente por causa do derrame (ou AVC) Dieta?
Q07209;Faz atualmente por causa do derrame (ou AVC) Fisioterapia?
Q07210;Faz atualmente por causa do derrame (ou AVC) Outras terapias de reabilita��o?
Q07211;Faz atualmente por causa do derrame (ou AVC) Toma aspirina regularmente?
Q07212;Faz atualmente por causa do derrame (ou AVC) Toma outros medicamentos? 
Q07213;Faz acompanhamento regular com profissional de sa�de?
Q073;Em geral, em que grau o derrame (ou AVC) limita as suas atividades habituais (tais como trabalhar, realizar afazeres dom�sticos etc.)? 
Q074;Algum m�dico j� lhe deu o diagn�stico de asma (ou bronquite asm�tica)? 
Q075;Que idade o(a) Sr(a) tinha no primeiro diagn�stico de asma? 
Q076;Nos �ltimos doze meses, o(a) Sr(a) teve alguma crise de asma? 
Q07601;Algum m�dico j� lhe receitou algum medicamento para asma (ou bronquite asm�tica)? 
Q07704;. Nas duas �ltimas semanas o(a) Sr(a) usou os medicamentos orais por causa da asma (ou bronquite asm�tica) ?
Q07705;Algum dos medicamentos orais para asma (ou bronquite asm�tica) foi obtido no �Aqui tem Farm�cia Popular�? 
Q07706;Algum dos medicamentos orais para asma (ou bronquite asm�tica) foi obtido em servi�o p�blico de sa�de? 
Q07707;O(A) Sr(a) pagou algum valor pelos medicamentos orais para asma? 
Q07708;Nas duas �ltimas semanas o(a) Sr(a) usou aeross�is (bombinha) por causa da asma (ou bronquite asm�tica) 
Q07709;Algum dos aeross�is (bombinha) para asma (ou bronquite asm�tica) foi obtido no �Aqui tem Farm�cia Popular�? 
Q07710;Algum dos aeross�is (bombinha) para asma (ou bronquite asm�tica) foi obtido em servi�o p�blico de sa�de?
Q07711;O(A) Sr(a) pagou algum valor pelos aeross�is (bombinha) para asma? 
Q078;Em geral, em que grau a asma limita as suas atividades habituais (tais como trabalhar, realizar afazeres dom�sticos, etc.)? 
Q079;Algum m�dico j� lhe deu o diagn�stico de artrite ou reumatismo? 
Q080;Que idade o(a) Sr(a) tinha no primeiro diagn�stico de artrite ou reumatismo?
Q08107;Recomenda��o para praticar atividade f�sica regularmente 
Q08108;Recomenda��o para Fazer fisioterapia 
Q08109;Recomenda��o para Usar medicamentos ou inje��es 
Q08110;Recomenda��o para Fazer uso de acupuntura, plantas medicinais e fitoterapia, homeopatia, medita��o, yoga, tai chi chuan ou alguma outra pr�tica integrativa e complementar
Q08111;Recomenda��o para Fazer acompanhamento regular com profissional de sa�de 
Q082;O(A) Sr(a) j� fez alguma cirurgia por causa da artrite ou reumatismo? 
Q083;Em geral, em que grau a artrite ou reumatismo limita as suas atividades habituais (tais como trabalhar, realizar afazeres dom�sticos, etc.)? 
Q084;O(a) Sr(a) tem algum problema cr�nico de coluna, como dor cr�nica nas costas ou no pesco�o, lombalgia, dor ci�tica, problemas nas v�rtebras ou disco? 
Q085;Que idade o(a) Sr(a) tinha quando come�ou o problema na coluna? 
Q08607;Pratica exerc�cio regularmente por causa do problema na coluna
Q08608;Faz fisioterapia por causa do problema na coluna 
Q08609;Usa medicamentos ou inje��es 
Q08610;Faz uso de acupuntura, plantas medicinais e fitoterapia, homeopatia, medita��o, yoga, tai chi chuan ou alguma outra pr�tica integrativa e complementar por causa do problema na coluna
Q08611;Faz acompanhamento regular com profissional de sa�de por causa do problema na coluna
Q087;Em geral, em que grau o problema na coluna limita as suas atividades habituais (tais como trabalhar, realizar afazeres dom�sticos, etc.)? 
Q088;Algum m�dico j� lhe deu o diagn�stico de DORT? 
Q08901;Que idade o(a) Sr(a) tinha no primeiro diagn�stico de DORT?
Q08901;Que idade o(a) Sr(a) tinha no primeiro diagn�stico de DORT?
Q09007;Recomendado para DORT Praticar exerc�cio regularmente
Q09008;Recomendado para DORT Fazer fisioterapia 
Q09009;Recomendado para DORT Usar medicamentos ou inje��es 
Q09010;Recomendado para DORT Fazer uso de acupuntura, plantas medicinais e fitoterapia, homeopatia, medita��o, yoga, tai chi chuan ou alguma outra pr�tica integrativa e complementar
Q09011;Recomendado para DORT Fazer acompanhamento regular com profissional de sa�de 
Q091;Em geral, em que grau o DORT limita as suas atividades habituais (tais como trabalhar, realizar afazeres dom�sticos etc.)? 
Q092;Algum m�dico ou profissional de sa�de mental (como psiquiatra ou psic�logo) j� lhe deu o diagn�stico de depress�o?
Q09201;Algum m�dico j� lhe receitou algum medicamento para depress�o?
Q09202;Nas duas �ltimas semanas o(a) senhor(a) usou algum medicamento para depress�o?
Q09301;Que idade o(a) Sr(a) tinha no primeiro diagn�stico de depress�o? 
Q094;O(A) Sr(a) vai ao m�dico/servi�o de sa�de regularmente por causa da depress�o ou s� quando tem algum problema?
Q09502;Qual o principal motivo do(a) Sr(a) n�o visitar o m�dico/servi�o de sa�de regularmente por causa da depress�o? 
Q09605;Por causa da depress�o Faz psicoterapia 
Q09606;Por causa da depress�o Toma medicamentos
Q09607;Por causa da depress�o Faz uso de acupuntura, plantas medicinais e fitoterapia, homeopatia, medita��o, yoga, tai chi chuan, liang gong ou alguma outra pr�tica integrativa e complementar 
Q098;Algum dos medicamentos para depress�o foi obtido em servi�o p�blico de sa�de? 
Q100;O(A) Sr(a) pagou algum valor pelos medicamentos? 
Q10101;Quando foi a �ltima vez que o(a) Sr(a) recebeu atendimento m�dico por causa da depress�o? 
Q10202;Na �ltima vez que recebeu assist�ncia m�dica para depress�o, onde o(a) Sr(a) foi atendido? 
Q104;O(A) Sr(a) pagou algum valor por esse atendimento?
Q105;Esse atendimento foi feito pelo SUS? 
Q106;Em algum dos atendimentos para depress�o, houve encaminhamento para algum acompanhamento com profissional de sa�de mental, como psiquiatra ou psic�logo? 
Q10701;O(A) Sr(a) conseguiu ir �s consultas com profissional especialista de sa�de mental? 
Q109;Em geral, em que grau a depress�o limita as suas atividades habituais (tais como trabalhar, realizar afazeres dom�sticos, etc.)? 
Q11006;Algum m�dico ou profissional de sa�de (como psiquiatra ou psic�logo) j� lhe deu o diagn�stico de outra doen�a mental, como transtorno de ansiedade, s�ndrome do p�nico, esquizofrenia, transtorno bipolar, psicose ou TOC (Transtorno Obsessivo Compulsivo) etc? 
Q11007;Diagn�stico de Esquizofrenia 
Q11008;Diagn�stico de Transtorno bipolar 
Q11009;Diagn�stico de TOC (Transtorno obsessivo compulsivo) 
Q11010;Outro diagn�stico
Q111;Que idade o(a) Sr(a) tinha no primeiro diagn�stico de doen�a mental? 
Q11201;O(A) Sr(a) visita o m�dico/servi�o de sa�de regularmente por causa dessa doen�a mental ou s� quando tem algum problema?
Q11405;Por causa da doen�a mental faz psicoterapia 
Q11406;Por causa da doen�a mental usa medicamentos ou inje��es 
Q11407;Por causa da doen�a mental Faz uso de acupuntura, plantas medicinais e fitoterapia, homeopatia, medita��o, yoga, tai chi chuan ou alguma outra pr�tica integrativa e complementar 
Q11408;Por causa da doen�a mental Faz acompanhamento regular com profissional de sa�de
Q115;Em geral, em que grau essa doen�a mental limita as suas atividades habituais (tais como trabalhar, realizar afazeres dom�sticos etc.)? 
Q11604;Algum m�dico j� lhe deu o diagn�stico de alguma outra doen�a cr�nica no pulm�o, tais como enfisema pulmonar, bronquite cr�nica ou DPOC (Doen�a Pulmonar Obstrutiva Cr�nica)?
Q11605;Diagn�stico de enfisema pulmonar
Q11606;Diagn�stico de bronquite cr�nica 
Q11607;Diagn�stico de outro 
Q11701;Que idade o(a) Sr(a) tinha no primeiro diagn�stico dessa(s) doen�a(s) no pulm�o? 
Q11806;Por causa da doen�a no pulm�o Usa medicamentos (inaladores, aerossol ou comprimidos) 
Q11807;Por causa da doen�a no pulm�o Usa oxig�nio 
Q11808;Por causa da doen�a no pulm�o Fisioterapia respirat�ria 
Q11809;Por causa da doen�a no pulm�o Faz acompanhamento regular com profissional de sa�de
Q119;Em geral, em que grau a doen�a do pulm�o limita as suas atividades habituais (tais como trabalhar, realizar afazeres dom�sticos etc.)? 
Q120;Algum m�dico j� lhe deu diagn�stico de c�ncer? 
Q12102;Foi um diagn�stico de c�ncer de pele? 
Q12103;O c�ncer de pele diagnosticado foi do tipo melanoma?
Q12104;Diagn�stico de outro c�ncer? Pulm�o
Q12105;Diagn�stico de outro c�ncer? C�lon e reto (intestino) 
Q12106;Diagn�stico de outro c�ncer? Est�mago
Q12107;Diagn�stico de outro c�ncer? Mama (s� para mulheres) 
Q12108;Diagn�stico de outro c�ncer? Colo de �tero (s� para mulheres) 
Q12109;Diagn�stico de outro c�ncer? Pr�stata (s� para homens) 
Q121010;Diagn�stico de outro c�ncer? Boca, Orofaringe ou Laringe 
Q121011;Diagn�stico de outro c�ncer? Bexiga
Q121012;Diagn�stico de outro c�ncer? Linfoma ou leucemia 
Q121013;Diagn�stico de outro c�ncer? C�rebro
Q121014;Diagn�stico de outro c�ncer? Ov�rio (s� para mulheres) 
Q121015;Diagn�stico de outro c�ncer? Tireoide
Q121016;Diagn�stico de outro c�ncer?
Q12201;Que idade o(a) Sr(a) tinha no primeiro diagn�stico de doen�a mental? 
Q12301;Em geral, seu tratamento, ou algum problema provocado pelo c�ncer, limita as suas atividades profissionais ou habituais (tais como trabalhar, realizar afazeres dom�sticos, etc.)? 
Q124;Algum m�dico j� lhe deu o diagn�stico de insufici�ncia renal cr�nica? 
Q125;Que idade o(a) Sr(a) tinha no primeiro diagn�stico de insufici�ncia renal cr�nica? 
Q12501;O Sr(a) fez transplante de rim, por causa da insufici�ncia renal cr�nica? 
Q12607;Toma medicamentos por causa da insufici�ncia renal cr�nica?
Q12608;Hemodi�lise por causa da insufici�ncia renal cr�nica?
Q12609;Di�lise peritoneal por causa da insufici�ncia renal cr�nica?
Q12610;Faz acompanhamento regular com profissional de sa�de?
Q127;Em geral, em que grau a insufici�ncia renal cr�nica limita as suas atividades habituais (tais como trabalhar, realizar afazeres dom�sticos etc.)? 
Q128;Algum m�dico j� lhe deu algum diagn�stico de outra doen�a cr�nica (f�sica ou mental) ou doen�a de longa dura��o (de mais de 6 meses de dura��o)? 
Q132;Nas �ltimas duas semanas, o(a) Sr(a) fez uso de algum medicamento para dormir? 
Q133;Nas �ltimas duas semanas, por quantos dias usou o medicamento para dormir? 
Q134;O medicamento que o(a) Sr(a) usa (usou) para dormir foi receitado por m�dico?
R00101;Quando foi a �ltima vez que a Sra fez exame preventivo para c�ncer de colo do �tero
R002010; Qual o principal motivo da Sra n�o ter feito exame preventivo nos �ltimos tr�s anos
R004; A Sra pagou algum valor pelo �ltimo exame preventivo para c�ncer do colo do �tero? (Entrevistador: Se a entrevistada responder que pagou, mas teve reembolso, marque a op��o 2)
R005;O �ltimo exame preventivo para c�ncer do colo do �tero foi feito atrav�s do Sistema �nico de Sa�de (SUS)
R00601;Quanto tempo depois de ter realizado o �ltimo exame preventivo a Sra recebeu o resultado
R007;Ap�s receber o resultado do exame, a Sra foi encaminhada a alguma consulta com ginecologista ou outro m�dico especialista
R008; A Sra foi � consulta
R009010;Qual o principal motivo da Sra n�o ter ido � consulta
R010;A sra j� foi submetida a cirurgia para retirada do �tero? 
R011;Segundo o m�dico, qual o motivo da retirada do �tero? 
R012;Que idade a sra tinha quando foi submetida � cirurgia? 
R013;Quando foi a �ltima vez que um m�dico ou enfermeiro fez o exame cl�nico das suas mamas
R014; Algum m�dico j� lhe solicitou um exame de mamografia
R015; A Sra fez o exame de mamografia
R01701;Quando foi a �ltima vez que a Sra fez um exame de mamografia
R019;A Sra pagou algum valor pela �ltima mamografia?
R020;A �ltima mamografia foi feita atrav�s do Sistema �nico de Sa�de (SUS)
R02101;Quanto tempo depois de ter realizado o �ltimo exame de mamografia a Sra recebeu o resultado
R022;Ap�s receber o resultado da mamografia, a Sra foi encaminhada para consulta com m�dico especialista
R023;A Sra foi � consulta com o especialista
R02402;Qual o principal motivo da Sra n�o ter ido � consulta com o especialista
R025;Com que idade a sra ficou menstruada pela primeira vez?  
R026;A sra ainda fica menstruada? 
R027;Com que idade a sra parou de menstruar? 
R028;A sra j� entrou na menopausa? 
R029;Alguma vez a sra fez ou faz tratamento hormonal para al�vio dos sintomas da menopausa (com comprimidos, adesivos, gel ou inje��es)? 
R030;Este medicamento foi receitado por m�dico?
R031;Nos �ltimos 12 meses, a sra teve rela��es sexuais? 
R032;Nos �ltimos 12 meses, a sra participou de grupo de planejamento familiar?
R033;E o seu parceiro participou de grupo de planejamento familiar? 
R034;A sra usa algum m�todo para evitar a gravidez atualmente?
R035;Qual o principal motivo de n�o evitar a gravidez?
R03601;Pilula?
R03602;Tabela?
R03603;Camisinha masculina?
R03604;Camisinha feminina?
R03605;Diafragma?
R03606;DIU?
R03607;Contraceptivo injet�vel?
R03608;Implantes (Norplant)?
R03609;Creme/�vulo?
R03610;P�ulula do dia seguinte?
R03611;Outro
R037;A sra e/ou seu companheiro j� fizeram ou fazem algum tratamento para engravidar? 
R038;H� quanto tempo a sra est� tentando engravidar?
S065;Alguma vez ficou gr�vida, mesmo que a gravidez n�o tenha chegado at� o final?
S066;Quantos partos a Sra j� teve?
S06701;Em que data foi o �ltimo parto?
S06702;Em que data foi o �ltimo parto?
S06703;Em que data foi o �ltimo parto?
S068;Quando estava gr�vida fez alguma consulta de pr�-natal?
S06901;Quantas tempo de gravidez tinha quando fez a primeira consulta pr�-natal?
S06902;Quantas tempo de gravidez tinha quando fez a primeira consulta pr�-natal?
S070;Quantas consultas de pr�-natal fez durante esta gravidez?
S071;Voc� fez a maioria das consultas do pr�-natal em servi�o de sa�de de: 
S072;Pagou por alguma consulta de pr�-natal? 
S073;As consultas do pr�-natal foram feitas atrav�s do Sistema �nico de Sa�de (SUS)?
S074;Nesta gravidez, quem a atendeu na maioria das consultas?
S075;Nesta gravidez, voc� tinha uma caderneta/cart�o da gestante? 
S076;Nesta gravidez, voc� fez algum exame de sangue, sem considerar o teste de gravidez? 
S077;Nesta gravidez, voc� fez algum exame de urina, sem considerar o teste de gravidez? 
S07901;Durante o pr�-natal, em quantas consultas mediram sua press�o arterial?
S07902;Durante o pr�-natal, em quantas consultas mediram o seu peso?
S07903;Durante o pr�-natal, em quantas consultas mediram sua barriga?
S07904;Durante o pr�-natal, em quantas consultas ouviram o cora��o do beb�?
S07905;Durante o pr�-natal, em quantas consultas examinaram suas mamas?
S080;Durante o pr�-natal de (nome) foi realizado teste? exame para s�filis? 
S081;Recebeu ou foi informada sobre o resultado do teste? exame para s�filis antes do parto?
S082;Qual foi o resultado do teste / exame para s�filis? 
S083;Recebeu tratamento para s�filis? 
S084;Foi solicitado teste/exame de s�filis para o seu parceiro(a)? 
S085;O seu parceiro recebeu o resultado do teste? exame para s�filis antes do parto?
S086;Qual foi o resultado do teste? exame para s�filis do seu parceiro?
S087;O seu parceiro foi tratado?
S088;Durante o pr�-natal foi realizado teste? exame para hepatite B? 
S089;Recebeu o resultado da Hepatite B antes do parto? 
S090;Durante o pr�-natal foi solicitado o teste? exame para HIV/AIDS?
S091;Neste pr�-natal foi realizado teste? exame para HIV/AIDS?
S092;Recebeu o resultado do teste? exame para HIV/AIDS antes do parto? 
S095;Durante o pr�-natal a Sra foi orientada a usar preservativo?
S096;Quanto tempo antes do parto a Sra foi � �ltima consulta do pr�-natal?
S097;Durante este pr�-natal voc� foi informada/orientada pelo servi�o de sa�de/profissional de sa�de sobre a maternidade para qual deveria se dirigir no momento do parto? 
S098;Quando estava gr�vida tomou alguma inje��o para prevenir o beb� contra difteria e t�tano (mal dos sete dias) � dT ou dTpa? 
S099;Quantas doses dessa inje��o tomou durante esta gravidez? 
S09901;N�mero de doses
S109;Seu(sua) filho(a) foi pesado ao nascer? 
S110;Qual foi o peso dele(a) ao nascer? 
S11001;Peso ao nascer (em quilogramas)
S111;Quem fez o parto? 
S112;Onde foi realizado o parto?
S113;Pagou algum valor pelo parto? 
S114;O parto foi feito atrav�s do Sistema �nico de Sa�de (SUS)? 
S115;Qual foi o tipo de parto? 
S116;Nesta gravidez, entrou em trabalho de parto? 
S117;Qual o principal motivo de ter tido parto ces�reo? 
S118;Quantas semanas de gravidez tinha no momento do parto?
S11801;Quantidade de semanas
S119;Neste parto fizeram em voc� a episiotomia (aquele corte na vagina)? 
S120;Neste trabalho de parto foi oferecido algum m�todo para al�vio da dor?
S121;Neste trabalho de parto foi utilizado algum m�todo para al�vio da dor?
S122;Qual foi o m�todo utilizado para o al�vio da dor? 
S123;Algu�m conhecido ficou com voc� durante todo o per�odo de parto (pr�-parto, parto e p�s-parto)? 
S124;Em algum momento esse acompanhante foi o pai da crian�a? 
S125;Teve alguma complica��o durante o parto?
S126;Voc� teve alguma complica��o ap�s o parto?
S127;Por causa dessa complica��o precisou ser internada? 
S128;O parto foi realizado no estabelecimento de sa�de indicado no pr�-natal?
S129;Quantos servi�os de sa�de procurou quando entrou em trabalho de parto para que seu(sua) filho(a) pudesse nascer?
S130;Durante a primeira hora ap�s o nascimento, seu(sua) filho(a) foi colocado(a) em contato com voc� pele a pele? 
S131;Depois do nascimento, ele(a) ficou com voc� no quarto at� a alta hospitalar?
S132;Seu(sua) filho(a) saiu do hospital junto com voc�? 
S133;A crian�a n�o saiu do hospital junto com voc� porque: 
S134;Voc� fez consulta de puerp�rio (consulta com m�dico ou enfermeiro at� 42 dias ap�s o parto)? 
S135;Qual o motivo de n�o ter feito a consulta de puerp�rio (consulta com m�dico ou enfermeiro at� 42 dias ap�s o parto)? 
S136;Durante os primeiros tr�s meses ap�s o parto, voc� tomou medicamento contendo somente ferro ou ferro com vitaminas? 
S137;Por que n�o tomou o medicamento? 
S138;Na maioria das vezes, o medicamento contendo somente ferro ou ferro com vitaminas foi obtido em servi�o p�blico de sa�de? 
S139;Ap�s o parto, por quanto tempo tomou o medicamento contendo somente ferro ou ferro com vitaminas?
U00204; O que o(a) Sr(a) usa para fazer a limpeza de sua boca Escova de dente
U00205; O que o(a) Sr(a) usa para fazer a limpeza de sua boca Pasta de dente
U00206;O que o(a) Sr(a) usa para fazer a limpeza de sua boca Fio dental
U00207;O que o(a) Sr(a) usa para fazer a limpeza de sua boca Enxaguat�rio bucal (como plax, colgate, cepacol)
U00208;O que o(a) Sr(a) usa para fazer a limpeza de sua boca Outros
U00101;Com que frequ�ncia o(a) Sr(a) usa escova de dentes para a higiene bucal
U00401; Com que frequ�ncia o(a) Sr(a) troca a sua escova de dente por uma nova
U005;Em geral, como o(a) Sr(a) avalia sua sa�de bucal (dentes e gengivas)
U006;Que grau de dificuldade o(a) Sr(s) tem para se alimentar por causa de problemas com seus dentes ou dentadura?
U00902;Qual o principal motivo que o(a) fez consultar o dentista na �ltima vez
U01002;Onde foi a �ltima consulta odontol�gica
U014;Como o(s) Sr(a) conseguiu a consulta odontol�gica:
U02001;O (A) Sr (a) pagou algum valor por esta consulta odontol�gica (Entrevistador: Se o(a) entrevistado (a) responder que pagou, mas teve reembolso total, marque a op��o 2)
U02101; Esta consulta odontol�gica foi feita pelo SUS
U02302; Lembrando-se dos seus dentes permanentes de cima, o(a) Sr(a) perdeu algum
U02303;Quantos dentes permanentes de cima perdeu?
U02402;Lembrando-se dos seus dentes permanentes de baixo, o(a) Sr(a) perdeu algum
U02403;Quantos dentes permanentes de baixo perdeu?
U02501;O(A) Sr(a) usa algum tipo de pr�tese dent�ria (dente artificial, implante, dentadura, chapa)
Z001;Voc� j� teve/tem filho(s) biol�gico(s)? 
Z00101;Quantos homens
Z00102;Quantas mulheres
Z002;Quantos anos voc� tinha quando seu primeiro filho nasceu?
Z003;Qual a idade do seu filho mais novo ou �nico nascido vivo? 
Z004;Atualmente, alguma mulher est� gr�vida de voc�?
Z005;Na gravidez atual ou na do de seu �ltimo filho nascido vivo, voc� desejava ter filho naquele momento? 
Z006;Na gravidez atual ou na do seu �ltimo filho nascido vivo foi feito pr�-natal? 
Z007;A maioria das consultas na gravidez atual ou na do seu �ltimo filho nascido vivo foi feita pelo SUS? 
Z008;Voc� acompanha ou acompanhou o pr�-natal da gravidez atual ou da gravidez do seu �ltimo filho? 
Z009;Algum profissional de sa�de respons�vel pelo pr�-natal fez solicita��o de exame para voc�? 
Z010;Voc� realizou os exames solicitados? 
Z011;Durante o pr�-natal da gravidez atual ou da gravidez do �ltimo filho, voc� foi incentivado a participar de palestras, rodas de conversas, cursos, etc. sobre os cuidados com o beb�? 
Z012;Voc� foi informado por algum profissional de sa�de, que realizou o pr�-natal, sobre a possibilidade de participar do momento do parto? 
Z013;Tem filhos (as) adotivos (as)? 
Z01401;Quantos homens
Z01402;Quantas mulheres
V001;Foi assegurada a privacidade para aplica��o desse m�dulo
V00101;O question�rio foi preenchido por:
V00201;Nos �ltimos doze meses, algu�m: Te ofendeu, humilhou ou ridicularizou na frente de outras pessoas?
V00202;Nos �ltimos doze meses, algu�m: Gritou com voc� ou te xingou?
V00203;Nos �ltimos doze meses, algu�m: Usou redes sociais ou celular para amea�ar, ofender, xingar ou expor imagens suas sem o seu consentimento? 
V00204;Nos �ltimos doze meses, algu�m: Te amea�ou de ferir ou machucar algu�m importante para voc�?
V00205;Nos �ltimos doze meses, algu�m: Destruiu alguma coisa sua de prop�sito?
V003;Nos �ltimos doze meses, quantas vezes isso aconteceu com voc�?
V006;Quem fez isso com voc�? (Se mais de uma pessoa, defina o pirncipal agressor)
V007;Onde isso ocorreu?
V01401;Nos �ltimos doze meses, algu�m: Te deu um tapa ou uma bofetada?
V01402;Nos �ltimos doze meses, algu�m: Te empurrou, segurou com for�a ou jogou algo em voc� com a inten��o de machucar?
V01403;Nos �ltimos doze meses, algu�m: Te deu um soco, chutou ou arrastou pelo cabelo?
V01404;Nos �ltimos doze meses, algu�m: Tentou ou efetivamente estrangulou, asfixiou ou te queimou de prop�sito?
V01405;Nos �ltimos doze meses, algu�m: Te amea�ou ou feriu com uma faca, arma de fogo ou alguma outra arma ou objeto?
V015;Nos �ltimos doze meses, quantas vezes isso aconteceu?
V018;Quem fez isso com voc�
V019;Onde isso ocorreu?
V02701;Nos �ltimos doze meses, algu�m: tocou, manipulou, beijou ou exp�s partes do seu corpo contra sua vontade
V02702;Nos �ltimos doze meses, algu�m: Te amea�ou ou for�ou a ter rela��es sexuais ou quaisquer outros atos sexuais contra sua vontade?
V02801; E alguma vez na vida, algu�m: tocou, manipulou, beijou ou exp�s partes do seu corpo contra sua vontade
V02802;E alguma vez na vida, algu�m: Te amea�ou ou for�ou a ter rela��es sexuais ou quaisquer outros atos sexuais contra sua vontade?
V029;Nos �ltimos doze meses, quantas vezes isso aconteceu?
V032;Quem fez isso com voc�
V033; Onde isso ocorreu?
V034;Nos �ltimos doze meses, voc� deixou de realizar quaisquer de suas atividades habituais (trabalhar, realizar afazeres dom�sticos, ir � escola etc.) por causa desse ato
V03501;Esse(s) ato(s) sexual(is) for�ado(s) gerou(aram) alguma consequ�ncia para sua sa�de, tais como: Hematomas, cortes, fraturas, queimaduras ou outras les�es f�sicas ou ferimentos? 
V03502;Esse(s) ato(s) sexual(is) for�ado(s) gerou(aram) alguma consequ�ncia para sua sa�de, tais como: Medo, tristeza, des�nimo, dificuldade para dormir, ansiedade, depress�o ou outras consequ�ncias psicol�gicas? 
V03503;Esse(s) ato(s) sexual(is) for�ado(s) gerou(aram) alguma consequ�ncia para sua sa�de, tais como: Doen�a sexualmente transmiss�vel ou gravidez indesejada?
V036;Por causa desta (s) consequ�ncia (s), voc� procurou algum atendimento de sa�de
V037;Por causa desta (s) consequ�ncia (s), voc� recebeu algum atendimento de sa�de
V038;Onde foi realizado este atendimento de sa�de
V039;Por causa desta (s) consequ�ncia (s), voc� precisou ser internado por 24 horas ou mais
T001;O (a) Sr. (a) est� com tosse h� tr�s semanas ou mais? 
T002;O (a) Sr (a) tem mancha com dorm�ncia ou parte da pele com dorm�ncia?
T003;Algum m�dico j� lhe deu o diagn�stico de doen�a de Chagas? 
T004;Nos �ltimos 12 meses, algum m�dico lhe deu diagn�stico de doen�a/infec��o sexualmente transmiss�vel?
T005;Nesse diagn�stico (se houver mais de um, considere o �ltimo) de doen�a/infec��o sexualmente transmiss�vel, o(a) Sr(a) fez algum tipo de tratamento com prescri��o m�dica? 
T00601;Nesse diagn�stico recebeu orienta��es? Usar regularmente preservativo 
T00602;Nesse diagn�stico recebeu orienta��es? Informar aos (�s) parceiros (as) da infec��o 
T00603;Nesse diagn�stico recebeu orienta��es? Fazer o teste de HIV 
T00604;Nesse diagn�stico recebeu orienta��es? Fazer o teste de s�filis 
T00605;Nesse diagn�stico recebeu orienta��es? Fazer os testes para as hepatites B e C 
T00606;Nesse diagn�stico recebeu orienta��es? Tomar vacina para hepatite B 
Y001;Que idade tinha quando teve rela��es sexuais pela primeira vez? 
Y00101;Idade do morador quando teve rela��es sexuais pela primeira vez
Y002;Nos �ltimos doze meses teve rela��es sexuais? 
Y003;Nos �ltimos doze meses nas rela��es sexuais que teve, com que frequ�ncia usou camisinha:
Y004;Nos �ltimos doze meses na �ltima rela��o sexual que teve, foi usada camisinha masculina ou feminina? 
Y005;Qual o principal motivo por n�o ter usado camisinha?
Y006;Nos �ltimos doze meses, alguma vez procurou algum servi�o p�blico (posto, centro de sa�de, hospital p�blico, hospital conveniado do SUS, agente comunit�rio de sa�de) para obter camisinha masculina ou feminina? 
Y007;Por que n�o procurou algum servi�o p�blico sa�de para obter camisinha masculina ou feminina? 
Y008;Qual � a sua orienta��o sexual?
H001;Quando foi a �ltima vez que o(a) sr(a) consultou com um(a) m�dico(a)?
H002;Essa consulta foi o seu primeiro atendimento com esse(a) m�dico(a)?
H003;Por qual motivo o(a) sr(a) precisou consultar com um(a) m�dico(a)
H004;Onde procurou o atendimento m�dico por este motivo?
H005;"Voc� geralmente procura �esse(a) m�dico(a)"" quando adoece ou precisa de conselhos sobre a sua sa�de?"
H006;"�Esse(a)"" � o(a) m�dico(a) que melhor conhece voc� como pessoa?"
H007;"�Esse(a)"" � o(a) m�dico(a) mais respons�vel por seu atendimento de sa�de?"
H008;"Quando voc� tem um novo problema de sa�de, voc� vai � �esse(a) m�dico(a)"" antes de ir a outro servi�o de sa�de?"
H009;Quando o(a) �servi�o de sa�de� est� aberto(a), voc� consegue aconselhamento r�pido pelo telefone se precisar?
H010;"� dif�cil para voc� conseguir atendimento m�dico no(a) ""servi�o de sa�de� quando pensa que � necess�rio?"
H011;"Quando voc� vai ao(�) ""servi�o de sa�de"", � o(a) mesmo(a) m�dico(a) que atende voc� todas as vezes? "
H012;Voc� se sente � vontade contando as suas preocupa��es ou problemas � �esse(a) m�dico(a)�?
H013;�Esse(a) m�dico(a)� sabe quais problemas s�o mais importantes para voc�?
H014;Se fosse muito f�cil, voc� mudaria do(a) �servi�o de sa�de� para outro servi�o de sa�de?
H015;"Voc� foi consultar qualquer tipo de especialista ou servi�o especializado no per�odo em que voc� est� em acompanhamento com �esse(a) m�dico(a)""?"
H016;"�Esse(a) m�dico(a)"" sugeriu (indicou, encaminhou) que voc� fosse consultar com esse(a) especialista ou servi�o especializado? "
H017;�Esse(a) m�dico(a)� escreveu alguma informa��o para o(a) especialista sobre o motivo dessa consulta?
H018;�Esse(a) m�dico(a)� sabe quais foram os resultados dessa consulta?
H019;�Esse(a) m�dico(a)� pareceu interessado(a) na qualidade do cuidado que voc� recebeu no(a) especialista ou servi�o especializado (perguntou se voc� foi bem ou mal atendido(a))? 
H020;"Se quisesse, voc� poderia ler (consultar) o seu prontu�rio m�dico no(a) ""servi�o de sa�de""?"
H021;Aconselhamento para problemas de sa�de mental (ex.: ansiedade, depress�o)
H022;Aconselhamento sobre como parar de fumar
H023;Aconselhamento sobre as mudan�as que acontecem com o envelhecimento (ex.: diminui��o da mem�ria, risco de cair)
H024;Orienta��es sobre alimenta��o saud�vel, boa higiene e sono adequado (dormir suficientemente)
H025;Orienta��es sobre exerc�cios f�sicos apropriados para voc�
H026;Verificar e discutir os medicamentos que voc� est� usando
H027;Como prevenir quedas
H028;�Esse(a) m�dico(a)� pergunta as suas ideias e opini�es (o que voc� pensa) ao planejar o tratamento e cuidado para voc� ou para um membro da sua fam�lia? 
H029;�Esse(a) m�dico(a)� se reuniria com membros de sua fam�lia se voc� achasse necess�rio?
H030;No seu sevi�o de sa�de s�o realizadas pesquisas com os pacientes para ver se os servi�os est�o satisfazendo (atendendo) as necessidades das pessoas
W001;Antropometria aferida do morador selecionado
W00101;"Peso - 1� pesagem (em kg)(3 inteiros e 1 casa decimal)"
W00102;"Peso - 2� pesagem (em kg)(3 inteiros e 1 casa decimal)"
W00103;"Peso - Final (em kg)(3 inteiros e 1 casa decimal)"
W00201;"Altura - 1� medi��o (em cm)(3 inteiros e 1 casa decimal)"
W00202;"Altura - 2� medi��o em cm)(3 inteiros e 1 casa decimal)"
W00203;"Altura - Final (em cm)(3 inteiros e 1 casa decimal)"
V0028;Peso do domic�lio e dos moradores sem calibra��o
V0029;Peso do morador selecionado sem calibra��o
V0030;Peso do morador selecionado para antropometria sem calibra��o
V00281;Peso do domic�lio e dos moradores com calibra��o
V00291;Peso do morador selecionado com calibra��o
V00301;Peso do morador selecionado para antropometria com calibra��o
V00282;Proje��o da popula��o
V00292;Proje��o da popula��o para moradores selecionados
V00302;Proje��o da popula��o para moradores selecionados para antropometria
V00283;Dom�nio de proje��o para domic�lio e moradores
V00293;Dom�nio de proje��o para morador selecionado
V00303;Dom�nio de proje��o para morador selecionado para antropometria
VDC001;N�mero de componentes do domic�lio (exclusive as pessoas cuja condi��o na fam�lia era pensionista, empregado dom�stico ou parente do empregado dom�stico) 
VDC003;Total de moradores com 15 anos ou mais
VDD004A;N�vel de instru��o mais elevado alcan�ado (pessoas de 5 anos ou mais de idade) padronizado para o Ensino Fundamental -  SISTEMA DE 9 ANOS
VDE001;Condi��o em rela��o � for�a de trabalho na semana de refer�ncia para pessoas de 14 anos ou mais de idade
VDE002;Condi��o de ocupa��o na semana de refer�ncia para pessoas de 14 anos ou mais de idade
VDE014;Grupamentos de atividade do trabalho principal da semana de refer�ncia para pessoas de 14 anos ou mais de idade
VDF002;"Rendimento domiciliar (exclusive o rendimento das pessoas cuja condi��o na unidade domiciliar era pensionista, empregado dom�stico ou parente do empregado dom�stico)"
VDF003;"Rendimento domiciliar per capita(exclusive o rendimento das pessoas cuja condi��o na unidade domiciliar era pensionista, empregado dom�stico ou parente do empregado dom�stico)"
VDF004;Faixa de rendimento domiciliar per capita (exclusive o rendimento das pessoas cuja condi��o na unidade domiciliar era pensionista, empregado dom�stico ou parente do empregado dom�stico)
VDL001;Idade em meses das crian�as nascidas no per�odo de refer�ncia do M�dulo L
VDM001;Faixa de tempo gasto por dia no deslocamento casa-trabalho pelas pessoas ocupadas que se deslocavam para o trabalho
VDP001;Tipo de cigarro industrializado comprado
VDR001;M�todo contraceptivo mais eficaz que faz uso
VDDATA;Data de gera��o do arquivo de microdados. Data ordenada na forma: ano (4 algarismos), m�s (2) e dia (2) -  AAAAMMDD