V0001;Unidade da Federação
V0024;Estrato
UPA_PNS;UPA
V0006_PNS;Número de ordem do domicílio na PNS
V0015;Tipo da entrevista
V0020;Ano de referência
V0022;Total de moradores
V0026;Tipo de situação censitária
V0031;Tipo de área
V0025A;Seleção do morador de 15 anos ou mais para responder o questionário individual
V0025B;Seleção do morador de 15 anos ou mais para ter medida antropométrica aferida
A001;Tipo do domicílio
A002010;Qual é o material que predomina na construção das paredes externas deste domicílio?
A003010;Material predominante na cobertura (telhado) do domicílio
A004010;Qual é o material que predomina no piso deste domicílio
A01001; Quantos cômodos têm este domicílio
A011;Quantos cômodos estão servindo permanentemente de dormitório para os moradores deste domicílio
A005010;Qual é a principal forma de abastecimento de água deste domicílio
A005012;Este domicílio está ligado à rede geral de distribuição de água? 
A00601; A água utilizada neste domicílio chega
A009010; A água utilizada para beber neste domicílio é
A01401;Quantos banheiros (com chuveiro ou banheira e vaso sanitário ou privada) de uso exclusivo dos moradores existem neste domicílio, inclusive os localizados no terreno ou propriedade
A01402;Quantos banheiros (com chuveiro ou banheira e vaso sanitário ou privada) de uso comum a mais de um domicilio, existem neste terreno ou propriedade
A01403;Utiliza sanitário ou buraco para dejeções, inclusive os localizados no terreno ou na propriedade (cercado por paredes de qualquer material
A01501;Para onde vai o esgoto do banheiro? Ou Para onde vai o esgoto do sanitário ou do buraco para dejeções?
A016010;Qual o (principal) destino dado ao lixo
A018011;Neste domicílio existe televisão em cores 
A018012;Quantos?
A018013;Neste domicílio existe geladeira 
A018014;Quantos?
A018015;Neste domicílio existe máquina de lavar roupa 
A018016;Quantos?
A018017;Neste domicílio existe telefone fixo convencional
A018018;Quantos?
A018019;Neste domicílio existe telefone móvel celular 
A018020;Quantos?
A018021;Neste domicílio existe forno micro-ondas
A018022;Quantos?
A018023;Neste domicílio existe computador (considere inclusive os portáteis, tais como: laptop, notebook ou netbook)?  
A018024;Quantos?
A018025;Neste domicílio existe motocicleta
A018026;Quantos?
A018027;Neste domicílio existe automóvel
A018028;Quantos?
A01901;Algum morador tem acesso à Internet no domicílio por meio de computador, tablet, telefone móvel celular, televisão ou outro equipamento?
A02101;No seu domicílio, há trabalhador (as) doméstico(as) que trabalham em seu domicílio três vezes ou mais por semana (empregada doméstica, babá, cuidador etc.)
A02102;Quantos?
A02201; Em seu domicílio, há algum animal de estimação
A02305;Quantos destes animais são gatos
A02306;Quantos destes animais são cachorros
A02307;Quantos destes animais são aves
A02308;Quantos destes animais são peixes
A02401;Nos últimos 12 meses, quantos gatos foram vacinados contra raiva?
A02402;Nos últimos 12 meses , quantos cachorros foram vacinados contra raiva?
B001;O seu domicílio está cadastrado na unidade de saúde da família 
B002;. Quando o seu domicílio foi cadastrado
B003;Nos últimos doze meses, com que frequência o seu domicílio recebeu uma visita de algum Agente Comunitário ou algum membro da Equipe de Saúde da Família? 
B004;Nos últimos doze meses, com que frequência o seu domicílio recebeu uma visita de algum agente de endemias (como a dengue, por exemplo)
C001;Número de pessoas no domicílio
C00301;Número de ordem do morador
C004;Condição no domicílio
C006;Sexo
C00701;Dia de nascimento
C00702;Mês de nascimento
C00703;Ano de nascimento
C008;Idade do morador na data de referência
C009;Cor ou raça
C01001;Cônjuge ou companheiro(a) mora em nesse domicílio.
C010010;Número de ordem do cônjuge ou companheiro(a)
C013;Cônjuge ou companheiro(a) mora em outro domicílio.
C014;Qual é a natureza dessa união? 
C015;Esta união é registrada em cartório? 
C016;Foi realizada cerimônia religiosa para esta união? 
C017;___já viveu com cônjuge ou companheiro (a) antes? 
C018;Que idade ___tinha quando começou a viver com seu(sua) primeiro(a)/único(a) marido (mulher) ou companheiro(a)?  
C01801;Que idade ___tinha quando começou a viver com seu(sua) primeiro(a)/único(a) marido (mulher) ou companheiro(a)?   
C011;Qual é o estado civil de ___? 
C012;Informante do Módulo C
D001;Sabe ler e escrever
D00201;Frequenta escola ou creche
D00202;A escola que frequenta é da
D00301;Qual é o curso que frequenta
D00501; Esse curso que ___ frequenta é dividido em
D006;Qual é o ano/semestre/série que ___frequenta?
D00601 ;Qual é a etapa do ensino fundamental que ___ frequenta
D007; ___já concluiu algum outro curso superior de graduação
D008;Anteriormente ___frequentou escola ou creche
D00901;Qual foi o curso mais elevado que ___frequentou 
D010;A duração deste curso que ___frequentou anteriormente era de
D01101;Este curso que ___ frequentou anteriormente era dividido em
D01201;concluiu, com aprovação, pelo menos o primeiro ano/semestre/série deste curso que frequentou 
D01301;Qual foi o último ano/semestre/série que ___ concluiu, com aprovação, neste curso que frequentou 
D01302;Qual foi a etapa de ensino fundamental que ___frequentou
D01303;___concluiu os anos iniciais deste curso que frequentou 
D014;___concluiu este curso que frequentou 
D015;Informante do Módulo D
E001;Na semana de___ a___ (semana de referência), ___ trabalhou ou estagiou, durante pelo menos uma hora, em alguma atividade remunerada em dinheiro
E002;Na semana de ___a___ (semana de referência), ___ trabalhou ou estagiou, durante pelo menos uma hora, em alguma atividade remunerada em produtos, mercadorias, moradia, alimentação, treinamento ou aprendizado etc
E003;Na semana de ___ a ___ (semana de referência), ___ fez algum bico ou trabalhou em alguma atividade ocasional remunerada durante pelo menos 1 hora
E004;Na semana de ___ a ___ (semana de referência), ___ ajudou durante pelo menos 1 hora, sem receber pagamento, no trabalho remunerado de algum morador do domicílio ou de parente
E005;Na semana de ___ a ___ (semana de referência), ___ tinha algum trabalho remunerado do qual estava temporariamente afastado
E006011;Na semana de ___ a ___ (semana de referência), por que motivo ___ estava afastado desse trabalho
E008;A doença ou acidente foi relacionado ao trabalho?
E010010; Em ___ /___ /___ (último dia da semana de referência), fazia quanto tempo que ___ estava afastado desse trabalho
E010011;Tempo que estava afastado (De 1 mês a menos de 1 ano)
E010012;Tempo que estava afastado (De 1 ano a menos de 2 anos) 
E010013;Tempo que estava afastado (De 2 anos a 98 anos)
E011;Quantos trabalhos ___tinha na semana de ___ a ___ 
E01201;Qual era a ocupação (cargo ou função) que ___ tinha nesse trabalho
E01401;Nesse trabalho, ___ era
E014011;Trabalhador não remunerado em ajuda a membro do domicílio ou parente 
E01402;Nesse trabalho, ___era servidor público estatutário (federal, estadual ou municipal)
E01403;Nesse trabalho, ___tinha carteira de trabalho assinada
E01501;Qual era a principal atividade desse negócio/empresa
E01601;...recebia/fazia normalmente nesse trabalho rendimento/retirada em dinheiro?
E01602;Qual era o rendimento bruto mensal ou retirada que ___ fazia normalmente nesse trabalho?(valor em dinheiro)
E01603;...recebia/fazia normalmente nesse trabalho rendimento/retirada em produtos ou mercadorias?
E01604;Qual era o rendimento bruto mensal ou retirada que ___ fazia normalmente nesse trabalho?(valor estimado em produtos ou mercadorias)
E01605;...recebia/fazia normalmente nesse trabalho rendimento/retirada somente em benefícios ?
E017;Quantas horas ___ trabalhava normalmente, por semana, nesse trabalho?
E01801;...recebia/fazia normalmente nesse(s) outro(s) trabalho(s) rendimento/retirada em dinheiro?
E01802;Qual era o rendimento bruto mensal ou retirada que ___ fazia normalmente nesse(s) outro(s) trabalho(s)?(valor em dinheiro)
E01803;...recebia/fazia normalmente nesse(s) outro(s) trabalho(s) rendimento/retirada em produtos ou mercadorias?
E01804;Qual era o rendimento bruto mensal ou retirada que ___ fazia normalmente nesse(s) outro(s) trabalho(s)?(valor estimado em produtos ou mercadorias)
E01805;...recebia/fazia normalmente nesse(s) outro(s) trabalho(s) rendimento/retirada somente em benefícios ?
E019;Quantas horas ___ trabalhava normalmente, por semana, nesses outros trabalhos? 
E022;No período de ___ a ___ (período de referência de 30 dias), ___ tomou alguma providência para conseguir trabalho, seja um emprego ou um negócio próprio? 
E023011;No período de ___ a ___ (período de referência de 30 dias), qual foi a principal providência que ___ tomou para conseguir trabalho? 
E024011;Qual foi o principal motivo de ___ não ter tomado providência para conseguir trabalho no período de ___ a ___ (período de referência de 30 dias)?
E02402;Quanto tempo depois de __/__/__ (último dia da semana de referência) ___ irá começar esse trabalho que conseguiu?
E024021;Número de meses para começar o trabalho que conseguiu.
E025;Até o dia ___ (último dia da semana de referência), fazia quanto tempo que___ estava sem qualquer trabalho e tentando conseguir trabalho?
E02501;fazia quanto tempo que vinha procurando trabalho (de 1 mês a menos de 1 ano)
E02502;fazia quanto tempo que vinha procurando trabalho (de 1 ano a menos de 2 anos)
E02503;fazia quanto tempo vinha procurando trabalho (2 anos ou mais)
E026;Se tivesse conseguido um trabalho ___ poderia ter começado a trabalhar na semana de___ a ___ (semana de referência)
E02601;No período de ___ a ___ (período de referência de 358 dias), ___ trabalhou, por pelo menos 1 hora?
E02801;Na semana de ___a___ (semana de referência), ___ realizou tarefas de cuidados de moradores deste domicílio que eram crianças, idosos, enfermos ou pessoas com necessidades especiais, tais como: Auxiliar nos cuidados pessoais (alimentar, vestir, pentear, dar remédio, dar banho, colocar para dormir)
E02802;Na semana de ___a___ (semana de referência), ___ realizou tarefas de cuidados de moradores deste domicílio que eram crianças, idosos, enfermos ou pessoas com necessidades especiais, tais como: Auxiliar em atividades educacionais
E02803;Na semana de ___a___ (semana de referência), ___ realizou tarefas de cuidados de moradores deste domicílio que eram crianças, idosos, enfermos ou pessoas com necessidades especiais, tais como: Ler, jogar ou brincar
E02804;Na semana de ___a___ (semana de referência), ___ realizou tarefas de cuidados de moradores deste domicílio que eram crianças, idosos, enfermos ou pessoas com necessidades especiais, tais como: Monitorar ou fazer companhia dentro do domicílio
E02805;Na semana de ___a___ (semana de referência), ___ realizou tarefas de cuidados de moradores deste domicílio que eram crianças, idosos, enfermos ou pessoas com necessidades especiais, tais como: Transportar ou acompanhar para escola, médico, exames, parque, praça, atividades sociais, culturais, esportivas ou religiosas
E02806;Outras tarefas de cuidados de moradores do domicílio
E030;Na semana de ___ a ___ (semana de referência), ___ cuidou de parentes que não moravam neste domicílio e que precisavam de cuidados (crianças, idosos, enfermos ou pessoas com necessidades especiais)? 
E03101;Na semana de___a___ (semana de referência), ___fez tarefas domésticas para o próprio domicílio, tais como: preparar ou servir alimentos, arrumar a mesa ou lavar as louças?
E03102;Na semana de___a___ (semana de referência), ___fez tarefas domésticas para o próprio domicílio, tais como: cuidar da limpeza ou manutenção de roupas e sapatos/
E03103;Na semana de___a___ (semana de referência), ___fez tarefas domésticas para o próprio domicílio, tais como: fazer pequenos reparos ou manutenção do domicílio, do automóvel, de eletrodomésticos ou outros equipamentos? 
E03104;Na semana de___a___ (semana de referência), ___fez tarefas domésticas para o próprio domicílio, tais como: Limpar ou arrumar o domicílio, a garagem, o quintal ou o jardim? 
E03105;Na semana de___a___ (semana de referência), ___fez tarefas domésticas para o próprio domicílio, tais como: Cuidar da organização do domicílio (pagar contas, contratar serviços, orientar empregados etc.)? 
E03106;Na semana de___a___ (semana de referência), ___fez tarefas domésticas para o próprio domicílio, tais como: Fazer compras ou pesquisar preços de bens para o domicílio? 
E03107;Na semana de___a___ (semana de referência), ___fez tarefas domésticas para o próprio domicílio, tais como: Cuidar dos animais domésticos? 
E03108;Na semana de___a___ (semana de referência), ___fez tarefas domésticas para o próprio domicílio, tais como: Outras tarefas domésticas?
E032;. Na semana de___a___ (semana de referência), ___fez alguma tarefa doméstica em domicílio de parente? 
E033;. Na semana de___a___ (semana de referência), ___ qual foi o total de horas que dedicou às atividades de cuidados de pessoas e/ou afazeres domésticos? 
E027;Informante do Módulo E
F001011;Em (mês da pesquisa) ___ recebia normalmente rendimento de aposentadoria ou pensão de instituto de previdência federal (INSS), estadual, municipal, ou do governo federal, estadual, municipal?
F001021;Valor habitualmente recebido
F007011;Em (mês da pesquisa), ___ recebia normalmente rendimento de pensão alimentícia, doação ou mesada em dinheiro de pessoa que não morava no domicílio?
F007021;Valor habitualmente recebido
F008011;Em (mês da pesquisa), ___ recebia normalmente rendimento de aluguel ou arrendamento?
F008021;Valor habitualmente recebido
VDF001;Em (mês da pesquisa), _______ recebia normalmente algum juro de caderneta de poupança e de outras aplicações financeiras, dividendos, programas sociais, seguro-desemprego, seguro defeso ou outros rendimentos? 
VDF00102;Valor recebido em reais (VDF001)
F016;Informante do Módulo F
G033;. ___ usa óculos ou outro aparelho de auxílio para lidar com problemas de visão? 
G034;____________ faz uso de óculos? 
G035;Os óculos foram obtidos no SUS? 
G036;____________ faz uso de lentes de contato? 
G038;____________ faz uso de lupas ou lentes especiais? 
G039;As lupas ou lentes especiais foram obtidos no SUS? 
G040;____________ faz uso de bengala articulada? 
G041;A bengala articulada foi obtida no SUS? 
G042;____________ faz uso de cão guia? 
G044; ____________ faz uso de algum outro aparelho de auxílio para lidar com problemas de visão? 
G046;. ___ tem dificuldade permanente de enxergar mesmo usando óculos, lentes de contato ou lupas? 
G047; ___ tem dificuldade permanente de enxergar? 
G048;___ usa aparelho auditivo ou outro aparelho de auxílio para ouvir melhor? 
G049;____________ faz uso de aparelho auditivo 
G050;O aparelho auditivo foi obtido no SUS? 
G051;____________ faz uso de implante coclear? 
G052;O implante coclear foi obtido no SUS? 
G053;____________ faz uso de sistema de frequência modulada individual (sistema FM)? 
G054;O sistema de frequência modulada individual (sistema FM) foi obtido no SUS? 
G055;____________ faz uso de algum outro aparelho de auxílio para ouvir melhor? 
G057;" ___ tem dificuldade permanente de ouvir mesmo usando aparelhos auditivos? (Para moradores com 5 anos ou mais de idade.) 

OU
 ___ tem dificuldade permanente para ouvir sons como vozes ou música, mesmo usando aparelhos auditivos? (Para moradores com 2 a 4 anos de idade.)

"
G058;"___ tem dificuldade permanente de ouvir? (Para moradores com 5 anos ou mais de idade.)

OU

___ tem dificuldade permanente de ouvir sons como vozes ou música? (Para moradores com 2 a 4 anos de idade.)
"
G05801;Sabe usar a Língua Brasileira de Sinais – Libras? (Para moradores com 5 anos ou mais de idade.)
G059;___ usa algum aparelho de auxílio para se locomover? 
G060;____________ faz uso de cadeira de rodas? 
G061;A cadeira de rodas foi obtida no SUS? 
G062;____________ faz uso de bengala, muletas ou andador? 
G063;A bengala, muletas ou andador foram obtidas no SUS? 
G064;____________ faz uso de prótese? 
G065;A prótese foi obtida no SUS? 
G066;____________ faz uso de órtese? 
G067;A órtese foi obtida no SUS? 
G068;____________ faz uso de algum outro aparelho de auxílio para se locomover? 
G070;"___ tem dificuldade permanente de caminhar ou subir degraus, mesmo usando prótese, bengala ou outro aparelho de auxílio? (Para moradores com 5 anos ou mais de idade.)

OU

Comparado com crianças da mesma idade, ___ tem dificuldade permanente para caminhar, mesmo usando prótese, bengala ou aparelho de auxílio? (Para moradores com 2 a 4 anos de idade.)
"
G071;"___ tem dificuldade permanente de caminhar ou subir degraus? (Para moradores com 5 anos ou mais de idade.)

OU

Comparado com crianças da mesma idade, ___ tem dificuldade permanente para caminhar? (Para moradores com 2 a 4 anos de idade.)
"
G072;___ usa algum aparelho de auxílio para realizar movimentos com os membros superiores? 
G073;____________ faz uso de prótese para os membros superiores? 
G074;A prótese para os membros superiores foi obtida no SUS? 
G075;____________ faz uso de órtese para os membros superiores? 
G076;A órtese para os membros superiores foi obtida no SUS? 
G077;____________ faz uso de algum outro aparelho de auxílio para realizar movimentos com os membros superiores? 
G079; ___tem dificuldade permanente para levantar uma garrafa com dois litros de água da cintura até a altura dos olhos, mesmo usando prótese ou aparelho de auxílio? (Somente para moradores com 5 anos ou mais de idade.) 
G080;"___ tem dificuldade permanente para pegar objetos pequenos, como botões e lápis, ou abrir e fechar recipientes ou garrafas, mesmo usando prótese ou aparelho de auxílio? (Somente para moradores com 5 anos ou mais de idade.)

OU

Comparado com crianças da mesma idade, ___ tem dificuldade permanente para pegar objetos pequenos, mesmo usando prótese ou aparelho de auxílio? (Para moradores com 2 a 4 anos de idade.)
"
G081;___ tem dificuldade permanente para levantar uma garrafa com dois litros de água da cintura até a altura dos olhos? (Somente para moradores com 5 anos ou mais de idade.) 
G082;"___ tem dificuldade permanente para pegar objetos pequenos, como botões e lápis, ou abrir e fechar recipientes ou garrafas? (Somente para moradores com 5 anos ou mais de idade.)

OU
Comparado com crianças da mesma idade, ___ tem dificuldade permanente para pegar objetos pequenos? (Para moradores com 2 a 4 anos de idade.)
"
G083;"Por causa de alguma limitação nas funções mentais ou intelectuais, _________ tem dificuldade permanente para realizar atividades habituais, como se comunicar, realizar cuidados pessoais, trabalhar, ir à escola, brincar, etc.? (Para moradores com 5 anos ou mais de idade.)

OU

Por causa de alguma limitação nas funções mentais ou intelectuais, _________ tem dificuldade permanente para realizar atividades habituais, como frequentar a escola, brincar e etc.? (Para moradores com 2 a 4 anos de idade.)
"
G084;Nos últimos doze meses ___ recebe ou recebeu, algum cuidado em reabilitação de forma regular? (Por reabilitação quero dizer fisioterapia, terapia ocupacional, fonoaudiologia psicoterapia etc.)
G085;Onde você recebe (recebeu) esse cuidado em reabilitação? 
G086;Como você conseguiu ter acesso a esse cuidado em reabilitação? 
G032;Informante do Módulo G
I00101;tem algum plano odontológico particular, de empresa ou órgão público?
I00102;tem algum plano de saúde médico particular, de empresa ou órgão público?
I001021;Quantos?
I00103;Quem é o titular do plano de saúde médico (único ou principal)?
I001031;Nº de ordem do titular 
I005;Há quanto tempo sem interrupção _____ possui esse plano de saúde (único ou principal)? 
I006; ___ considera este plano de saúde: 
I004;O plano de saúde médico (único ou principal) que _____ possui é de instituição de assistência de servidor público (municipal, estadual ou militar)? 
I00401;O plano de saúde (único ou principal) de assistência médica que ___ possui dá direito a consultas
I00402;O plano de saúde (único ou principal) de assistência médica que ___ possui dá direito a exames
I00403;O plano de saúde (único ou principal) de assistência médica que ___ possui dá direito a internações
I00404;O plano de saúde (único ou principal) de assistência médica que ___ possui dá direito a partos
I010010;Quem paga a mensalidade deste plano de saúde?
I012;Informante do Módulo I
J001;De um modo geral, como é o estado de saúde de________
J00101;Considerando saúde como um estado de bem-estar físico e mental, e não somente a ausência de doenças, como é o estado de saúde de _____________? 
J002; Nas duas últimas semanas, ___ deixou de realizar quaisquer de suas atividades habituais (trabalhar, ir à escola, brincar, afazeres domésticos etc.) por motivo da própria saúde
J003;Nas duas últimas semanas, quantos dias _____ deixou de realizar suas atividades habituais, por motivo da própria saúde
J00402; Qual foi o principal motivo de saúde que impediu ___ de realizar suas atividades habituais nas duas últimas semanas 
J00404;Este motivo de saúde estava relacionado ao trabalho
J005;Nas duas últimas semanas___ esteve acamado (a)
J006;Nas duas últimas semanas, quantos dias _____ esteve acamado (a)
J007;Algum médico já deu o diagnóstico de alguma doença crônica, física ou mental, ou doença de longa duração (de mais de 6 meses de duração) a ___
J00801;Alguma dessas doenças limita de alguma forma suas atividades habituais (trabalhar, ir à escola, brincar, afazeres domésticos, etc.)
J009; ___ costuma procurar o mesmo lugar, mesmo médico ou mesmo serviço de saúde quando precisa de atendimento de saúde
J01002;Quando está doente ou precisando de atendimento de saúde___ costuma procurar
J01101;Quando ____ consultou um médico pela última vez
J012;Quantas vezes ___ consultou um médico nos últimos 12 meses
J01301;Quando ___ consultou um dentista pela última vez
J014;Nas duas últimas semanas, ___ procurou algum lugar, serviço ou profissional de saúde para atendimento relacionado à própria saúde
J01502;Qual foi o motivo principal pelo qual ___ procurou atendimento relacionado à própria saúde nas duas últimas semanas
J01602;Onde ___ procurou o primeiro atendimento de saúde por este motivo nas duas últimas semanas
J01701;Nessa primeira vez que procurou atendimento de saúde por este motivo, nas duas últimas semanas
J01802;Por que motivo ___ não foi atendido(a) na primeira vez que procurou atendimento de saúde nas duas últimas semanas
J019;Nas duas últimas semanas, quantas vezes ___ voltou a procurar atendimento de saúde por este mesmo motivo
J02002;Onde ___ procurou o último atendimento de saúde por este motivo nas duas últimas semanas
J021; Nessa última vez que procurou atendimento de saúde por este motivo, nas duas últimas semanas, ___ foi atendido (a)
J022010;Por que motivo ___ não foi atendido (a) nessa última vez que procurou atendimento de saúde nas duas últimas semanas
J023; Este serviço de saúde onde___ foi atendido era:
J024; Este atendimento de saúde de ___ foi coberto por algum plano de saúde
J025; ___ pagou algum valor por este atendimento de saúde recebido nas duas últimas semanas 
J026;O atendimento de ___ foi feito pelo SUS
J02702;Qual foi o principal atendimento de saúde que ___ recebeu?
J02901; Neste atendimento de ___, foi receitado algum medicamento
J03001; __conseguiu obter os medicamentos receitados? (Leia as opções de resposta)
J03102;Qual o principal motivo de ___ não ter conseguido obter todos os medicamentos receitados
J032;Algum dos medicamentos foi coberto por plano de saúde
J03301;Algum dos medicamentos foi obtido no programa Aqui Tem Farmácia Popular
J034;Algum dos medicamentos foi obtido em serviço público de saúde
J035; ___ pagou algum valor pelos medicamentos
J03602;Nas duas últimas semanas, por que motivo ___ não procurou serviço de saúde
J037;Nos últimos 12 meses, ___ ficou internado(a) em hospital por 24 horas ou mais
J038;Nos últimos 12 meses, quantas vezes ___ esteve internado(a)
J039;Qual foi o principal atendimento de saúde que ___recebeu quando esteve internado(a) (pela última vez) nos doze últimos meses
J04001;Quanto tempo em meses o morador ficou internado
J04002;Quanto tempo em dias o morador ficou internado
J041;O estabelecimento de saúde em que ___ esteve internado(a) pela última vez nos últimos 12 meses era
J042;A última internação de ___ nos últimos 12 meses foi coberta por algum plano de saúde
J043; ___ pagou algum valor por esta última internação? (Entrevistador: se o(a) entrevistado(a) responder que pagou, mas teve reembolso total, marque a opção 2) 
J044;Esta última internação de ___ foi feita através do Sistema Único de Saúde (SUS)
J046;Nos últimos 12 meses, ___ teve atendimento de urgência ou emergência no domicílio
J047;Este atendimento foi coberto por algum plano de saúde
J048;___pagou algum valor por este atendimento? (Entrevistador: se o(a) entrevistado(a) responder que pagou, mas teve reembolso total, marque a opção 2) 
J049;Este atendimento foi feito através do Sistema Único de Saúde (SUS)
J051;Neste atendimento, ___ foi transportado por ambulância para um serviço de saúde
J052;O transporte foi feito por
J05301;Nos últimos doze meses, ___ utilizou tratamento como acupuntura, homeopatia, plantas medicinais e fitoterapia, meditação, yoga, tai chi chuan, lian gong ou outra prática integrativa e complementar a saúde?
J05402;Qual tratamento _________ fez uso Acupuntura
J05403;Qual tratamento _________ fez uso Homeopatia
J05404;Qual tratamento _________ fez uso plantas medicinais e fitoterapia
J05405;Qual tratamento _________ fez uso auriculoterapia
J05406;Qual tratamento _________ fez uso meditação
J05407;Qual tratamento _________ fez uso Yoga
J05408;Qual tratamento _________ fez uso Tai chi chuan, Lian gong, Qi gong
J05409;Qual tratamento _________ fez uso Terapia comunitária integrativa
J054010;Qual tratamento _________ fez uso Outro
J056;___ pagou algum valor por este(s) tratamento(s) 
J057;Este(s) tratamento(s) foi (foram) feito(s) através do Sistema Único de Saúde (SUS):
J060;Informante do Módulo J
K001;Em geral, que grau de dificuldade ___ tem para comer sozinho (a) com um prato colocado à sua frente, incluindo segurar um garfo, cortar alimentos e beber em um copo
K004;Em geral, que grau de dificuldade ___ tem para tomar banho sozinho(a) incluindo entrar e sair do chuveiro ou banheira
K007;Em geral, que grau de dificuldade ___ tem para ir ao banheiro sozinho(a) incluindo sentar e levantar do vaso sanitário
K010;Em geral, que grau de dificuldade ___ tem para se vestir sozinho(a), incluindo calçar meias e sapatos, fechar o zíper, e fechar e abrir botões
K013;Em geral, que grau de dificuldade ___ tem para andar em casa sozinho(a) de um cômodo a outro em um mesmo andar, como do quarto para a sala
K016;Em geral, que grau de dificuldade ___ tem para deitar-se ou levantar-se da cama sozinho(a)
K019;Em geral, que grau de dificuldade ___ tem para sentar-se ou levantar-se da cadeira sozinho
K01901;___ precisa de ajuda para realizar alguma(s) destas atividades (comer, tomar banho, ir ao banheiro, se vestir, andar em casa de um cômodo ao outro, deitar-se ou levantar-se da cama sozinho, sentar ou levantar da cadeira sozinho)
K02001; ___  recebe ajuda para realizar alguma(s) destas atividades
K02101;Na maioria das vezes, quem presta ajuda a ___ para realizar algumas dessas atividades
K02102;Essa pessoa que lhe presta ajuda é remunerada por este serviço
K022;Em geral, que grau de dificuldade ___ tem para fazer compras sozinho(a), por exemplo de alimentos, roupas ou medicamentos
K025; Em geral, que grau de dificuldade ___ tem para administrar as finanças sozinho(a) (cuidar do seu próprio dinheiro)
K028;Em geral, que grau de dificuldade ___ tem para tomar os remédios sozinho (a) (Engolir o remédio, organizar horário e capacidade de lembrar de tomar o remédio) 
K031; Em geral, que grau de dificuldade ___ tem para ir ao médico sozinho(a)
K034;Em geral, que grau de dificuldade ___ tem para sair sozinho(a) utilizando um transporte como ônibus, metrô, táxi, carro, etc.
K03401; ___ precisa de ajuda para realizar alguma(s) destas atividades (fazer compras, administrar as finanças, tomar os remédios, ir ao médico, sair utilizando um transporte como ônibus, metrô, táxi, carro, etc. )
K03501;___  recebe ajuda para realizar alguma(s) destas atividades
K03601;Na maioria das vezes, quem presta ajuda a ___ para realizar algumas dessas atividades?
K03602;Essa pessoa que lhe presta ajuda é remunerada por este serviço?
K04301; ___faz uso de algum medicamento, que foi receitado por um médico, para uso regular ou contínuo (Diário)
K04302;Quantos medicamentos diferentes de uso regular ou contínuo, receitados pelo médico, ___ usou nas duas últimas semanas
K04401; Quando foi a última vez que ___ fez exame de vista por profissional de saúde
K045;Algum médico já deu a ___ diagnóstico de catarata em uma ou em ambas as vistas
K046;Houve indicação para realização de cirurgia nos olhos para retirar a catarata
K047;___ fez a cirurgia
K048;Qual o principal motivo do(a) ___ não ter feito a cirurgia de catarata
K050;___ pagou algum valor pela cirurgia
K051;A cirurgia foi feita através do Sistema Único de Saúde (SUS)
K052;Nos últimos doze meses, ___ tomou vacina contra gripe
K05302;Qual o principal motivo por não ter tomado a vacina contra gripe
K05401;Nos últimos doze meses, ___ teve alguma queda
K05402;Nos últimos doze meses, na ocasião dessa(as) queda(as) ocorrida(s) ___ procurou o serviço de saúde
k055; Na ocasião dessa(s) queda(s) nos últimos doze meses, ___ fraturou quadril ou fêmur
K05601;____ fez cirurgia por causa dessa fratura
K05602;___ teve colocação de prótese
K062;Informante do Módulo K
L01701;Leite materno?
L01702;Outro leite ou derivados de leite?
L01703;Água?
L01704;Chá?
L01705;Mingau?
L01706;Frutas ou suco natural de frutas?
L01707;Sucos artificiais?
L01708;Verduras/legumes?
L01709;Feijão ou outras leguminosas (lentilha, ervilha etc)?
L01710;Carnes ou ovos?
L01711;Batata e outros tubérculos e raízes (batata doce, mandioca)?
L01712;Cereais e derivados (arroz, pão, cereal, macarrão, farinha, etc)?
L01713;Biscoitos ou bolachas ou bolo?
L01714;Doces, balas ou outros alimentos com açúcar?
L01715;Refrigerantes?
L01716;Outros?
L018;Desde que ___________nasceu, tomou ou comeu outro alimento que não leite materno? 
L019;Alguma vez ___________ recebeu Sulfato Ferroso? 
L021;Foi realizado o teste do pezinho? 
L022;"Quando foi realizado o teste do pezinho? 
"
L023;Quanto tempo depois da realização do teste do pezinho, recebeu o resultado? 
L024;Foi realizado o teste de orelhinha? 
L025;Quando foi realizado o teste da orelhinha? 
L026;Quanto tempo depois da realização do teste da orelhinha você recebeu o resultado? 
L027;Foi realizado o teste do olhinho? 
L028;O teste do olhinho foi realizado nas primeiras 24 horas de vida?
L029;Recebeu o resultado do olhinho na hora em que o exame foi realizado? 
L030;Foi realizado o teste do coraçãozinho? 
L031;O teste do coraçãozinho foi realizado entre 24 e 48 horas de vida quando ele (a) ainda estava na maternidade?
L032;Recebeu o resultado do teste do coraçãozinho realizado? 
L033;O teste do coraçãozinho realizado deu resultado alterado? 
L034;Fez exame complementar?
L035;Recebeu o cartão de vacinação ou caderneta de saúde da criança? 
L036;O(A) morador(a) mostrou a caderneta de saúde da criança
L037;Vacina Penta (também chamada de Pentavalente, DTP/Hib/HB)
L038;Vacina Poliomielite (também chamada de gotinha, VIP, VOP, PÓLIO, ANTIPÓLIO, POLIOMIELITE, SABIN) 
L039;Vacina Pneumocócica (também chamada de Pneumo 10, Pneumo 13, Pncc)
L040;Vacina Tríplice Viral (também chamada SCR, TRIVIRAL, TV, MMR). 
L042;O informante desta parte foi:
M001;Entrevista do adulto selecionado
M002;Identificação da mãe do morador selecionado
M00203; Morador selecionado está apto para responder? 
M00302;O informante desta parte é:
M00303;Normalmente, quantos dias na semana o(a) Sr(a) se desloca(va) de casa para o(s) trabalho(s)
M00401;Quanto tempo em horas o(a) Sr(a) gasta(va), normalmente, por dia, no deslocamento para o(s) seu(s) trabalho(s), considerando ida e volta
M00402;Quanto tempo em minutos o(a) Sr(a) gasta, normalmente, por dia, no deslocamento para o(s) seu(s) trabalho(s), considerando ida e volta
M005010;No(s) seu(s) trabalho(s), habitualmente, (s) o(a) Sr(a) trabalha(va) algum período de tempo entre as 8 horas da noite e às 5 horas da manhã
M005011;Quantas horas trabalha(va) por dia, habitualmente, no período de 8 horas da noite e 5 horas da manhã
M00601;Com que frequência, habitualmente, o(a) Sr(a) trabalha(va) no horário entre 8 horas da noite e 5 horas da manhã em algum dos seus trabalhos
M007; Em algum dos seus trabalhos, o(a) Sr(a) trabalha(va) em regime de turnos ininterruptos, isto é, por 24 horas seguidas
M008; Com que frequência o(a) Sr(a) trabalha(va) por 24 horas seguidas
M009;O(a) Sr(a) normalmente trabalha(va) em ambientes
M01001;Nos últimos 30 dias, alguém fumou no mesmo ambiente fechado onde o(a) Sr(a) trabalhava (todos os trabalhos)
M011011; No(s) seu(s) trabalho(s), o(a) Sr(a) está(estava) exposto(a) a algum destes fatores que podem afetar a sua saúde. Manuseio de substâncias químicas (agrotóxicos, gasolina, diesel, formol, chumbo, mercúrio, cromo, quimioterápicos etc.)
M011021;No(s) seu(s) trabalho(s), o(a) Sr(a) está exposto(a) a algum destes fatores que podem afetar a sua saúde Exposição a ruído (barulho intenso) 
M011031; No(s) seu(s) trabalho(s), o(a) Sr(a) está exposto(a) a algum destes fatores que podem afetar a sua saúde Exposição longa ao sol
M011041; No(s) seu(s) trabalho(s), o(a) Sr(a) está exposto(a) a algum destes fatores que podem afetar a sua saúde Manuseio de material radioativo (transporte, recebimento, armazenagem, trabalho com raio-x)
M011051;No(s) seu(s) trabalho(s), o(a) Sr(a) está exposto(a) a algum destes fatores que podem afetar a sua saúde Manuseio de resíduos urbanos (lixo) 
M011061;No(s) seu(s) trabalho(s), o(a) Sr(a) está exposto(a) a algum destes fatores que podem afetar a sua saúde Exposição a material biológico (sangue, agulhas, secreções)
M011071;No(s) seu(s) trabalho(s), o(a) Sr(a) está exposto(a) a algum destes fatores que podem afetar a sua saúde Exposição à poeira mineral (pó de mármore, de areia, de brita, de vidro (sílica), de amianto (asbesto), de ferro ou aço)
M01401;Com quantos familiares ou parentes ___ pode contar em momentos bons ou ruins
M01501; Com quantos amigos próximos ___ pode contar em momentos bons ou ruins (Sem considerar os familiares ou parentes
M01601;Nos últimos doze meses, com que frequência o(a) Sr(a) se reuniu com outras pessoas para prática de atividades esportivas, exercícios físicos, recreativos ou artísticos
M01701;Nos últimos doze meses, com que frequência o(a) Sr(a) participou de reuniões de grupos como associações de moradores ou funcionários, movimentos sociais/comunitários, centros acadêmicos ou similares
M01801;Nos últimos 12 meses, com que frequência o(a) Sr(a) fez trabalho voluntário não remunerado
M01901;Nos últimos doze meses, com que frequência o(a) Sr(a) compareceu a atividades coletivas da sua religião ou de outra religião sem contar com situações como casamento, batizado, ou enterro)
N001;Em geral, como o(a) Sr(a) avalia a sua saúde
N00101;Considerando saúde como um estado de bem-estar físico e mental, e não somente a ausência de doenças, como você avalia o seu estado de saúde? 
N004;Quando o(a) Sr(a) sobe uma ladeira, um lance de escadas ou caminha rápido no plano, sente dor ou desconforto no peito
N005;Quando o(a) Sr(a) caminha em lugar plano, em velocidade normal, sente dor ou desconforto no peito
N006; O que o(a) Sr(a) faz se sente dor ou desconforto no peito
N00701;Quando o(a) Sr(a) para, o que acontece com a dor ou desconforto no peito
N008;O(A) Sr(a) pode me mostrar onde geralmente sente essa dor/desconforto no peito
N010;Nas duas últimas semanas, com que frequência o(a) Sr(a) teve problemas no sono, como dificuldade para adormecer, acordar frequentemente à noite ou dormir mais do que de costume?
N011;Nas duas últimas semanas, com que frequência o(a) Sr(a) teve problemas por não se sentir descansado(a) e disposto(a) durante o dia, sentindo-se cansado(a), sem ter energia? 
N012;Nas duas últimas semanas, com que frequência o(a) Sr(a) teve pouco interesse ou não senitiu prazer em fazer as coisas? 
N013;Nas duas últimas semanas, com que frequência o(a) Sr(a) teve problemas para se concentrar nas suas atividades habituais? 
N014;Nas duas últimas semanas, com que frequência o(a) Sr(a) teve problemas na alimentação, como ter falta de apetite ou comer muito mais do que de costume?
N015;Nas duas últimas semanas, com que frequência o(a) Sr(a) teve lentidão para se movimentar ou falar, ou ao contrário ficou muito agitado(a) ou inquieto(a)?
N016;Nas duas últimas semanas, com que frequência o(a) Sr(a) se sentiu deprimido(a), “pra baixo” ou sem perspectiva?
N017;Nas duas últimas semanas, com que frequência o(a) Sr(a) se sentiu mal consigo mesmo, se achando um fracasso ou achando que decepcionou sua família?
N018;Nas duas últimas semanas, com que frequência o(a) Sr(a) pensou em se ferir de alguma maneira ou achou que seria melhor estar morto?
O00101; Atualmente, o(a) Sr(a) dirige automóvel (inclusive táxi, aplicativos de transporte e similares)
O00401;Com que frequência o(a) Sr(a) usa cinto de segurança quando dirige automóvel (inclusive táxi, aplicativos de transporte e similares)?
O00402;Com que frequência o(a) Sr(a) usa cinto de segurança quando anda no banco da frente como passageiro de automóvel (inclusive táxi, aplicativos de transporte e similares)?
O00501; Com que frequência o(a) Sr(a) usa cinto de segurança quando anda no banco de trás de automóvel (inclusive táxi, aplicativos de transporte e similares)?
O00201;Atualmente, o(a) Sr(a) dirige motocicleta
O00701;Com que frequência o(a) Sr(a) usa capacete quando dirige motocicleta
O00801;Com que frequência o(a) Sr(a) usa capacete quando anda como passageiro de motocicleta
O00802; Com que frequência o (a) senhor (a) manuseia o celular durante a condução de moto ou automóvel (inclusive táxi, aplicativos de transporte e similares)?
O00803;Com que frequência o (a) senhor (a) conduz moto ou automóvel (inclusive táxi, aplicativos de transporte e similares) acima da velocidade da via?
O009; Nos últimos doze meses, o(a) Sr(a) se envolveu em algum acidente de trânsito no qual tenha sofrido lesões corporais (ferimentos)
O00901;Quantos
O010;Algum desses acidentes de trânsito ocorreu quando o(a) Sr(a) estava trabalhando, indo ou voltando do trabalho
O01102;Durante o acidente de trânsito ocorrido nos últimos 12 meses, o(a) Sr(a) era: (Se houver mais de um, considere o mais grave)
O01401;Por causa deste acidente de trânsito o(a) Sr(a) deixou de realizar quaisquer de suas atividades habituais (trabalhar, realizar afazeres domésticos, ir à escola etc.)? 
O01501;"Para este acidente de trânsito, o(a) Sr(a) recebeu algum tipo de atendimento de saúde?
"
O01602;Onde o(a) Sr(a) recebeu o primeiro atendimento de saúde
O01702;Quem lhe prestou atendimento no local do acidente
O019;Por causa deste acidente de trânsito, o(a) Sr(a) precisou ser internado por 24 horas ou mais? (Se houver mais de um, considere o mais grave)
O02001; O Sr(a) tem alguma sequela física permanente decorrente deste acidente de trânsito? (Se houver mais de um, considere o mais grave)
O021;Nos últimos doze meses o(a) Sr(a) se envolveu em algum acidente de trabalho? (Sem considerar os acidentes de trânsito e/ou de deslocamento para o trabalho)
O02101;Quantos
O02201; Como consequência desse acidente de trabalho, o(a) Sr(a) deixou de realizar quaisquer de suas atividades habituais (trabalhar, realizar afazeres domésticos, ir à escola etc.)? 
O023;Por causa deste acidente de trabalho, o(a) Sr(a) precisou ser internado por 24 horas ou mais? (Se houver mais de um, considere o mais grave)
O02401; O(A) Sr(a) tem alguma sequela física permanente decorrente desse acidente de trabalho
P00102;O(A) Sr(a) sabe seu peso? 
P00103;"Peso - Informado (em kg)
(3 inteiros e 1 casa decimal)"
P00104;"Peso - Final (em kg)
(3 inteiros e 1 casa decimal)"
P00201;Quanto tempo faz que o(a) Sr(a) se pesou da última vez? 
P00402;O(A) Sr(a) sabe sua altura? (mesmo que seja valor aproximado) 
P00403;"Altura - Informada (em cm)
(3 inteiros)"
P00404;"Altura - Final (em cm)
(3 inteiros)"
P00405;Marca de imputação para altura e/ou peso referido
P005;A Sra está grávida no momento?
P00601;Ontem o(a) Sr(a) comeu arroz, macarrão, polenta, cuscuz ou milho verde. 
P00602;Batata comum, mandioca/aipim/macaxeira, cará ou inhame.
P00603;Feijão, ervilha, lentilha ou grão de bico.
P00604;Carne de boi, porco, frango, peixe
P00605;Ovo (frito, cozido ou mexido ). 
P00607;Alface, couve, brócolis, agrião ou espinfre.
P00608;Abóbora, cenoura, batata doce ou quiabo/caruru. 
P00609;Tomate, pepino, abobrinha, berinjela, chuchu ou beterraba. 
P00610;Mamão, manga, melão amarelo ou pequi. 
P00611;Laranja, banana, maçã, abacaxi. 
P00612;Leite
P00613;Amendoim, castanha de caju ou castanha do Brasil/Pará 
P00614;ONTEM o(a) Sr(a) tomou ou comeu:Refrigerante
P00615;Suco de fruta em caixinha ou lata ou refresco em pó. 
P00616; Bebida achocolatada ou iogurte com sabor. 
P00617;Salgadinho de pacote ou biscoito/bolacha salgado.
P00618;Biscoito/bolacha doce ou recheado ou bolo de pacote. 
P00619;Sorvete, chocolate, gelatina, flan ou outra sobremesa industrializada.
P00620;Salsicha, linguiça, mortadela ou presunto. 
P00621;Pão de forma, de cachorro-quente ou de hambúrguer.
P00622;Margarina, maionese, ketchup ou outros molhos industrializados. 
P00623;Macarrão instantâneo, sopa de pacote, lasanha congelada ou outro prato congelado comprado pronto industrilizado.
P006;Em quantos dias da semana o(a) Sr(a) costuma comer feijão? 
P00901;Em quantos dias da semana, o(a) Sr(a) costuma comer pelo menos um tipo de verdura ou legume (sem contar batata, mandioca, cará ou inhame) como alface, tomate, couve, cenoura, chuchu, berinjela, abobrinha? 
P01001;Em geral, o(a) Sr(a) costuma comer esse tipo de verdura ou legume: 
P01101;Em quantos dias da semana o(a) Sr(a) costuma comer carne vermelha (boi, porco, cabrito, bode, ovelha etc.)? 
P013;Em quantos dias da semana o(a) Sr(a) costuma comer frango/galinha? 
P015;Em quantos dias da semana o(a) Sr(a) costuma comer peixe? 
P02001;Em quantos dias da semana o(a) Sr(a) costuma tomar suco de caixinha/lata ou refresco em pó ? 
P02101;Que tipo de suco de caixinha/lata ou refresco em pó o(a) Sr(a) costuma tomar? (Ler as opções de resposta) 
P01601;Em quantos dias da semana o(a) Sr(a) costuma tomar suco de fruta natural (incluída a polpa de fruta congelada)? 
P018;Em quantos dias da semana o(a) Sr(a) costuma comer frutas? 
P019;Em geral, quantas vezes por dia o(a) Sr(a) come frutas? 
P02002;Em quantos dias da semana o(a) Sr(a) costuma tomar refrigerante? 
P02102;Que tipo de refrigerante o(a) Sr(a) costuma tomar? 
P023;Em quantos dias da semana o(a) Sr(a) costuma tomar leite? (de origem animal: vaca, cabra, búfala etc.) 
P02401;Que tipo de leite o(a) Sr(a) costuma tomar? 
P02501;Em quantos dias da semana o(a) Sr(a) costuma comer alimentos doces como biscoito/bolacha recheado, chocolate, gelatina, balas e outros?
P02602;Em quantos dias da semana o(a) Sr(a) costuma substituir a refeição do almoço por lanches rápidos como sanduíches, salgados, pizza, cachorro quente, etc? 
P02601;Considerando a comida preparada na hora e os alimentos industrializados, o(a) Sr(a) acha que o seu consumo de sal é:
P027;Com que frequência o(a) Sr(a) costuma consumir alguma bebida alcoólica?
P02801;Quantos dias por semana o(a) Sr(a) costuma consumir alguma bebida alcoólica? 
P029;Em geral, no dia que o(a) Sr(a) bebe, quantas doses de bebida alcoólica o(a) Sr(a) consome? 
P03201;Nos últimos trinta dias, o(a) Sr(a) chegou a consumir cinco ou mais doses de bebida alcoólica em uma única ocasião? 
P03202;Quando isso ocorreu, qual foi o número máximo de doses consumido em uma única ocasião?
P03001;Nos últimos doze meses, quando consumiu bebida alcoólica, o(a) Sr(a) dirigiu logo depois de beber? 
P03301;Nos últimos doze meses, quantas vezes o(a) Sr(a) deixou de trabalhar, realizar afazeres domésticos, ir à escola, curso ou faculdade, fazer compras, etc. porque bebeu demais? 
P03302;Nos últimos doze meses, quantas vezes, depois/após ter bebido, o(a) Sr(a) não conseguiu lembrar o que aconteceu? 
P03303;Nos últimos doze meses, algum parente, amigo ou profissional de saúde disse que você estava bebendo demais ou para você parar de beber? 
P034;Nos últimos três meses, o(a) Sr(a) praticou algum tipo de exercício físico ou esporte? 
P035;Quantos dias por semana o(a) Sr(a) costuma  (costumava)praticar exercício físico ou esporte?
P03701;Em geral, no dia que o(a) Sr(a) pratica exercício ou esporte, quanto tempo em horas dura essa atividade? Horas 
P03702;Em geral, no dia que o(a) Sr(a) pratica (praticava) exercício ou esporte, quanto tempo em minutos dura essa atividade?Minutos 
P036;Qual o exercício físico ou esporte que o(a) Sr(a) pratica (praticava) com mais frequência? (Anotar apenas o primeiro citado) 
P038;No seu trabalho, o(a) Sr(a) anda bastante a pé? 
P039;No seu trabalho, o(a) Sr(a) faz faxina pesada, carrega peso ou faz outra atividade pesada que requer esforço físico intenso? 
P03904;Em uma semana normal, em quantos dias, o(a) Sr(a) anda bastante a pé ou faz essas atividades pesadas ou que requerem esforço físico no seu trabalho?
P03905;Em um dia normal, quanto tempo o(a) Sr(a) passa andando bastante a pé ou realizando essas atividades pesadas ou que requerem esforço físico no seu trabalho?Horas 
P03906;Em um dia normal, quanto tempo o(a) Sr(a) passa andando bastante a pé ou realizando atividades essas atividades pesadas ou que requerem esforço físico no seu trabalho? Minutos
P040;Para ir ou voltar do trabalho, o(a) Sr(a) faz algum trajeto a pé ou de bicicleta? 
P04001;Quantos dias por semana o(a) Sr(a) faz algum trajeto a pé ou bicicleta? 
P04101;Quanto tempo o(a) Sr(a) gasta, por dia, para percorrer este trajeto a pé ou de bicicleta, considerando a ida e a volta do trabalho?Horas 
P04102;Quanto tempo o(a) Sr(a) gasta, por dia, para percorrer este trajeto a pé ou de bicicleta, considerando a ida e a volta do trabalho?Minutos
P042;Nas suas atividades habituais (tais como ir a algum curso, escola ou clube ou levar alguém a algum curso, escola ou clube), quantos dias por semana o(a) Sr(a) faz alguma atividade que envolva deslocamento a pé ou bicicleta? (Exceto o trabalho)
P04301;No dia em que o(a) Sr(a) faz essa(s) atividade(s), quanto tempo o(a) Sr(a) gasta no deslocamento a pé ou de bicicleta, considerando Ida e Volta?Horas
P04302;No dia em que o(a) Sr(a) faz essa(s) atividade(s), quanto tempo o(a) Sr(a) gasta no deslocamento a pé ou de bicicleta, considerando Ida e Volta?Minutos
P044;Nas suas atividades domésticas, o(a) Sr(a) faz faxina pesada, carrega peso ou faz outra atividade pesada que requer esforço físico intenso? (não considerar atividade doméstica remunerada) 
P04401;Em uma semana normal, nas suas atividades domésticas, em quantos dias o(a) Sr(a) faz faxina pesada ou realiza atividades que requerem esforço físico intenso? (não considerar atividade doméstica remunerada)
P04405;Quanto tempo gasta, por dia, realizando essas atividades domésticas pesadas ou que requerem esforço físico intenso? (não considerar atividade doméstica remunerada) Horas 
P04406;Quanto tempo gasta, por dia, realizando essas atividades domésticas pesadas ou que requerem esforço físico intenso? 
P04501;Em média, quantas horas por dia o(a) Sr(a) costuma ficar assistindo televisão? 
P04502;Em um dia, quantas horas do seu tempo livre (excluindo o trabalho), o(a) Sr(a) costuma usar computador, tablet ou celular para lazer, tais como: utilizar redes sociais, para ver notícias, vídeos, jogar etc? 
P046;Perto do seu domicílio, existe algum lugar público (praça, parque, rua fechada, praia) para fazer caminhada, realizar exercício ou praticar esporte? 
P04701;O(A) Sr(a) conhece algum programa público de estímulo à prática de atividade física no seu município? 
P04801;O(A) Sr(a) participa desse programa público de estímulo à prática de atividade física no seu município? 
P04902;Qual o principal motivo de não participar? 
P050;Atualmente, o(a) Sr(a) fuma algum produto do tabaco? 
P051;E no passado, o(a) Sr(a) fumou algum produto do tabaco diariamente? 
P052;E no passado, o(a) Sr(a) fumou algum produto do tabaco? 
P053;Que idade o(a) Sr(a) tinha quando começou a fumar produto de tabaco diariamente? 
P05401;Em média, quanto fuma por dia ou por semana Cigarros industrializados
P05402;Quantos por dia
P05403;Quantos por semana
P05404;Em média, quanto fuma por dia ou por semana Cigarros de palha ou enrolados a mão? 
P05405;Quantos por dia
P05406;Quantos por semana
P05407;Em média, quanto fuma por dia ou por semana Cigarros de cravo ou de Bali? 
P05408;Quantos por dia
P05409;Quantos por semana
P05410;Em média, quanto fuma por dia ou por semana Cachimbos (considere cachimbos cheios)? 
P05411;Quantos por dia
P05412;Quantos por semana
P05413;Em média, quanto fuma por dia ou por semana Charutos ou cigarrilhas? 
P05414;Quantos por dia
P05415;Quantos por semana
P05416;Em média, quanto fuma por dia ou por semana Narguilé (sessões)? 
P05417;Quantos por dia
P05418;Quantos por semana
P05419;Em média, quanto fuma por dia ou por semana Outro
P05421;Quantos por dia
P05422;Quantos por semana
P055;Quanto tempo depois de acordar o(a) Sr(a) normalmente fuma pela primeira vez? 
P056;NA ÚLTIMA VEZ que o(a) Sr(a) comprou cigarros para uso próprio, quantos cigarros comprou? (Registre a quantidade e, quando necessário, registre os detalhes da unidade). 
P05601;Quantidade de cigarros
P05602;Quantidade de maços
P05603;Quantos cigarros havia em cada maço? 
P05604;Quantidade de pacotes
P05605;Quantos maços havia em cada pacote? 
P057;No total, quanto o(a) Sr(a) pagou por essa compra? 
P058;Em média, quantos cigarros industrializados o(a) Sr(a) fumava por dia ou por semana?
P05801;Quantos por dia
P05802;Quantos por semana
P05901;Número de anos que parou de fumar
P05902;Número de meses que parou de fumar
P05903;Número de semanas que parou de fumar
P05904;Número de dias que parou de fumar
P05905;Nos últimos doze meses, durante algum atendimento, por médico ou outro profissional de saúde, foi perguntado se o(a) Sr(a) fumava? 
P05906;Nos últimos doze meses, durante algum desses atendimentos o(a) Sr(a) foi aconselhado a parar de fumar? 
P060;Durante os últimos doze meses, o(a) Sr(a) tentou parar de fumar? 
P06101;Durante os últimos doze meses, quando o(a) Sr(a) tentou parar de fumar, usou aconselhamento por profissional de saúde incluindo unidades de saúde que oferecem tratamento para parar de fumar?  
P06102;O(A) Sr(a) pagou algum valor por esse aconselhamento?  
P06103;Esse aconselhamento foi feito pelo SUS? 
P06104;Durante os últimos 12 meses, quando o Sr(a) tentou parar de fumar, usou medicamento(s) que auxilia( m) as pessoas no processo de deixar de fumar, tais como adesivo, pastilha, spray, inalador, goma de mascar, bupropiona, champix/vareniclina, nortriptilina, Clonidina, etc? 
P06105;O(A) Sr(a) pagou algum valor por esse(s) medicamento(s)?  
P06106;Algum desses medicamentos foi obtido em serviço público de saúde?
P06302;Durante os últimos 12 meses, por que o(a) Sr(a) não usou nem aconselhamento nem medicamento para tentar parar de fumar? 
P067;ATUALMENTE, o (a) Sr (a) masca fumo, usa rapé ou algum outro produto do tabaco que não faz fumaça?
P06701;O(a) Sr(a) usa aparelhos eletrônicos com nicotina líquida ou folha de tabaco picado (cigarro eletrônico, narguilé eletrônico, cigarro aquecido ou outro dispositivo eletrônico para fumar ou vaporizar)? 
P068;Com que frequência alguém fuma dentro do seu domicílio? 
P069;Nos últimos trinta dias, o(a) Sr(a) viu alguma propaganda ou anúncio de cigarros nos pontos de venda de cigarros? 
P06901;Nos últimos 30 dias, o(a) Sr(a) viu alguma propaganda ou anúncio de cigarros na internet, incluindo redes sociais (Facebook, Instagram, Twitter, WhatsApp, YouTube, Snapchat etc)? 
P07004;Viu ou ouviu informações nos jornais ou revistas?
P07005;Viu ou ouviu informações na televisão?
P07006;Viu ou ouviu informações no rádio?
P07007;Viu ou ouviu informações na internet, incluindo redes sociais?
P07101;Nos últimos trinta dias, viu alguma foto ou advertência sobre os riscos de fumar nos maços de cigarros? 
P07201;NOS ÚLTIMOS 30 DIAS, as advertências nos maços de cigarro que o(a) Sr(a) viu o levaram a pensar em parar de fumar? 
Q00101;Quando foi a última vez que o (a) Sr(a) teve sua pressão arterial medida?
Q00201;Algum médico já lhe deu o diagnóstico de hipertensão arterial (pressão alta)? 
Q00202;Essa hipertensão arterial (pressão alta) ocorreu apenas durante algum período de gravidez? 
Q003;Que idade o(a) Sr(a) tinha no primeiro diagnóstico de hipertensão arterial (pressão alta)? 
Q00401;O(A) Sr(a) vai ao médico/serviço de saúde regularmente para acompanhamento da hipertensão arterial (pressão alta) ? 
Q00502;Qual o principal motivo do(a) Sr (a) não visitar o médico/serviço de saúde regularmente para acompanhamento da hipertensão arterial (pressão alta)? 
Q00503;Algum médico já lhe receitou algum medicamento para a hipertensão arterial (pressão alta)? 
Q00601;Nas duas últimas semanas, o(a) Sr(a) tomou os medicamentos para controlar a hipertensão arterial (pressão alta)? 
Q00602;Qual o principal motivo para o(a) Sr(a) não ter tomado os medicamentos receitados para a hipertensão arterial (pressão alta)? 
Q00801;Algum dos medicamentos para hipertensão arterial foi obtido no “Aqui tem farmácia popular”? 
Q009;Algum dos medicamentos para hipertensão arterial foi obtido em serviço público de saúde? 
Q010;O(A) Sr(a) pagou algum valor pelos medicamentos? 
Q01101;Quando foi a última vez que o(a) Sr(a) recebeu atendimento médico por causa da hipertensão arterial? 
Q01202;Na última vez que recebeu atendimento médico para hipertensão arterial, onde o(a) Sr(a) foi atendido? 
Q014;O(A) Sr(a) pagou algum valor por este atendimento? (Entrevistador: Se o(a) entrevistado(a) responder que pagou mas teve reembolso total, marque a opção 2) 
Q015;Esse atendimento foi feito pelo SUS? 
Q016;Na última consulta, o médico que o(a) atendeu era o mesmo das consultas anteriores? 
Q017;Na última consulta, o médico viu os exames das consultas passadas? 
Q018010;Orientações para manter uma alimentação saudável
Q018011;Manter o peso adequado
Q018012;Ingerir menos sal
Q018013;Praticar atividade física regular
Q018014;Não fumar
Q018015;Não beber em excesso
Q018016;Fazer o acompanhamento regular com profissional de saúde
Q018017;Fazer uso de acupuntura, plantas medicinais e fitoterapia, homeopatia, meditação, yoga, tai chi chuan, liang gong ou alguma outra prática integrativa e complementar
Q01910;Foi pedido exame de sangue?
Q019101;Realizou o exame de sangue?
Q01911;Foi pedido exame de urina?
Q019111;Realizou o exame de urina?
Q01912;Foi pedido eletrocardiograma?
Q019121;Realizou o eletrocardiograma?
Q01913;Foi pedido teste de esforço?
Q019131;Realizou o teste de esforço?
Q022;Em algum dos atendimentos para hipertensão arterial, houve encaminhamento para alguma consulta com médico especialista, tais como cardiologista ou nefrologista? 
Q02301;O(A) Sr(a) foi às consultas com o médico especialista? 
Q026;Alguma vez o(a) Sr(a) se internou por causa da hipertensão ou de alguma complicação? 
Q02701;Há quanto tempo foi a última internação por causa da hipertensão ou de alguma complicação?
Q028;Em geral, em que grau a hipertensão ou alguma complicação da hipertensão limita as suas atividades habituais (como trabalhar, estudar, realizar afazeres domésticos etc.)? 
Q02901;Quando foi a última vez que o(a) Sr(a) fez exame de sangue para medir a glicemia, isto é, o açúcar no sangue? 
Q03001;Algum médico já lhe deu o diagnóstico de diabetes? 
Q03002;Esse diabetes ocorreu apenas durante algum período de gravidez? 
Q031;Que idade o(a) Sr(a) tinha no primeiro diagnóstico do diabetes? 
Q03201;O(A) Sr(a) vai ao médico/serviço de saúde regularmente para acompanhamento do diabetes? 
Q03302;Qual o principal motivo do(a) Sr(a) não visitar o médico/serviço de saúde regularmente para acompanhamento do diabetes? 
Q03303;Algum médico já lhe receitou algum medicamento oral para o diabetes? 
Q03403;Nas duas últimas semanas, por causa do diabetes, o(a) Sr(a) tomou os medicamentos orais para baixar o açúcar ?
Q03404;Qual o principal motivo de ___ não ter tomado todos os medicamentos orais receitados para controlar o diabetes? 
Q03601;Algum dos medicamentos orais para diabetes foi obtido no “Aqui tem Farmácia Popular”? 
Q03701;Algum dos medicamentos orais para diabetes foi obtido em serviço público de saúde? 
Q03801;O(A) Sr(a) pagou algum valor pelos medicamentos orais para diabetes? 
Q03802;Algum médico já lhe receitou insulina para controlar o Diabetes? 
Q03803;Usou a insulina receitada na última prescrição? 
Q03804;Qual o principal motivo de ___não ter usado a insulina para controlar o diabetes? 
Q03805;A insulina foi obtida no Aqui tem Farmácia Popular (PFP)? 
Q03806;A insulina foi obtida em serviço público de saúde? 
Q03807;O(A) Sr(a) pagou pela insulina para controlar o diabetes? 
Q03901;Quando foi a última vez que o(a) Sr(a) recebeu atendimento médico por causa do diabetes? 
Q04002;Na última vez que recebeu atendimento médico para diabetes, onde o(a) Sr(a) foi atendido? 
Q042;O(A) Sr(a) pagou algum valor por esse atendimento?
Q043;Esse atendimento foi feito pelo SUS? 
Q044;Na última consulta, o médico que o(a) atendeu era o mesmo das consultas anteriores? 
Q045;Na última consulta, o médico viu os exames das consultas passadas? 
Q046011;Orientações para manter uma alimentação saudável
Q046012;Manter o peso adequado
Q046013;Praticar atividade física regular
Q046014;Não fumar
Q046015;Não beber em excesso
Q046016;Diminuir o consumo de massas e pães
Q046017;Evitar o consumo de açúcar, bebidas açucaradas e doces
Q046018;Medir a glicemia em casa
Q046019;Examinar os pés regularmente
Q046020;Fazer uso de acupuntura, plantas medicinais e fitoterapia, homeopatia, meditação, yoga, tai chi chuan, liang gong ou alguma outra prática integrativa e complementar
Q046021;Fazer acompanhamento regular com profissional de saúde
Q04707;Foi pedido Glicemia (açúcar no sangue) ?
Q047071;Realizou o exame?
Q04708;Foi pedido Hemoglobina glicada?
Q047081;Realizou o exame?
Q04709;Foi pedido curva glicêmica?
Q047091;Realizou o exame?
Q04710;Foi pedido exame de urina?
Q047101;Realizou o exame?
Q04711;Foi pedido colesterol e/ou triglicerídeos?
Q047111;Realizou o exame?
Q050;Em algum dos atendimentos para diabetes, houve encaminhamento para alguma consulta com médico especialista, tal como cardiologista, endocrinologista, nefrologista ou oftalmologista? 
Q05101;O(A) Sr(a) foi às consultas com médico especialista? 
Q05301;Quando foi a última vez que realizaram um exame de vista ou fundo de olho em que dilataram sua pupila? 
Q05401;Quando foi a última vez que um médico ou profissional de saúde examinou seus pés para verificar sensibilidade ou presença de feridas ou irritações? 
Q055011;Problemas na vista 
Q055012;Infarto ou AVC (Acidente Vascular cerebral) /derrame ou outro problema circulatório 
Q055013;Problema nos rins 
Q055014;Úlcera/ferida nos pés ou amputação de membros (pés, pernas, mãos ou braços) 
Q055015;Coma diabético 
Q055016;Outro (Especifique)
Q056;Alguma vez o(a) Sr(a) se internou por causa do diabetes ou de alguma complicação? 
Q05701;Há quanto tempo foi a última internação por causa do diabetes ou de alguma complicação?
Q058;Em geral, em que grau o diabetes ou alguma complicação do diabetes limita as suas atividades habituais (tais como trabalhar, realizar afazeres domésticos etc.)? 
Q05901;Quando foi a última vez que o(a) Sr(a) fez exame de sangue para medir o colesterol e triglicerídeos? 
Q060;Algum médico já lhe deu o diagnóstico de colesterol alto? 
Q061;Que idade o(a) Sr(a) tinha no primeiro diagnóstico de colesterol alto? 
Q06207;Recomendação para manter uma alimentação saudável
Q06208;Recomendação para manter o peso adequado
Q06209;Recomendação para praticar atividade física regular
Q06210;Recomendação para tomar medicamentos
Q06211;Recomendação para não fumar
Q06212;Recomendação para fazer acompanhamento regular com profissional de saúde
Q06306;Algum médico já lhe deu o diagnóstico de uma doença do coração, tal como infarto, angina, insuficiência cardíaca ou outra?
Q06307;Infarto
Q06308; Angina 
Q06309;Insuficiência cardíaca 
Q06310;Arritmia 
Q06311;Outra
Q064;Que idade o(a) Sr(a) tinha no primeiro diagnóstico da doença do coração? 
Q06506;Faz atualmente por causa da doença do coração: Dieta?
Q06507;Faz atualmente por causa da doença do coração: prática de atividade física regular?
Q06508;Faz atualmente por causa da doença do coração: toma medicamentos regularmente?
Q06509;Faz atualmente por causa da doença do coração acompanhamento regular?
Q06601;O(A) Sr(a) já fez alguma cirurgia de ponte de safena ou cateterismo com colocação de stent ou angioplastia?
Q067;Em geral, em que grau a doença do coração limita as suas atividades habituais (tais como trabalhar, realizar afazeres domésticos etc.)?
Q068;Algum médico já lhe deu o diagnóstico de AVC (Acidente Vascular Cerebral) ou derrame?
Q070;Que idade o(a) Sr(a) tinha no primeiro diagnóstico do derrame (ou AVC)? 
Q07208;Faz atualmente por causa do derrame (ou AVC) Dieta?
Q07209;Faz atualmente por causa do derrame (ou AVC) Fisioterapia?
Q07210;Faz atualmente por causa do derrame (ou AVC) Outras terapias de reabilitação?
Q07211;Faz atualmente por causa do derrame (ou AVC) Toma aspirina regularmente?
Q07212;Faz atualmente por causa do derrame (ou AVC) Toma outros medicamentos? 
Q07213;Faz acompanhamento regular com profissional de saúde?
Q073;Em geral, em que grau o derrame (ou AVC) limita as suas atividades habituais (tais como trabalhar, realizar afazeres domésticos etc.)? 
Q074;Algum médico já lhe deu o diagnóstico de asma (ou bronquite asmática)? 
Q075;Que idade o(a) Sr(a) tinha no primeiro diagnóstico de asma? 
Q076;Nos últimos doze meses, o(a) Sr(a) teve alguma crise de asma? 
Q07601;Algum médico já lhe receitou algum medicamento para asma (ou bronquite asmática)? 
Q07704;. Nas duas últimas semanas o(a) Sr(a) usou os medicamentos orais por causa da asma (ou bronquite asmática) ?
Q07705;Algum dos medicamentos orais para asma (ou bronquite asmática) foi obtido no “Aqui tem Farmácia Popular”? 
Q07706;Algum dos medicamentos orais para asma (ou bronquite asmática) foi obtido em serviço público de saúde? 
Q07707;O(A) Sr(a) pagou algum valor pelos medicamentos orais para asma? 
Q07708;Nas duas últimas semanas o(a) Sr(a) usou aerossóis (bombinha) por causa da asma (ou bronquite asmática) 
Q07709;Algum dos aerossóis (bombinha) para asma (ou bronquite asmática) foi obtido no “Aqui tem Farmácia Popular”? 
Q07710;Algum dos aerossóis (bombinha) para asma (ou bronquite asmática) foi obtido em serviço público de saúde?
Q07711;O(A) Sr(a) pagou algum valor pelos aerossóis (bombinha) para asma? 
Q078;Em geral, em que grau a asma limita as suas atividades habituais (tais como trabalhar, realizar afazeres domésticos, etc.)? 
Q079;Algum médico já lhe deu o diagnóstico de artrite ou reumatismo? 
Q080;Que idade o(a) Sr(a) tinha no primeiro diagnóstico de artrite ou reumatismo?
Q08107;Recomendação para praticar atividade física regularmente 
Q08108;Recomendação para Fazer fisioterapia 
Q08109;Recomendação para Usar medicamentos ou injeções 
Q08110;Recomendação para Fazer uso de acupuntura, plantas medicinais e fitoterapia, homeopatia, meditação, yoga, tai chi chuan ou alguma outra prática integrativa e complementar
Q08111;Recomendação para Fazer acompanhamento regular com profissional de saúde 
Q082;O(A) Sr(a) já fez alguma cirurgia por causa da artrite ou reumatismo? 
Q083;Em geral, em que grau a artrite ou reumatismo limita as suas atividades habituais (tais como trabalhar, realizar afazeres domésticos, etc.)? 
Q084;O(a) Sr(a) tem algum problema crônico de coluna, como dor crônica nas costas ou no pescoço, lombalgia, dor ciática, problemas nas vértebras ou disco? 
Q085;Que idade o(a) Sr(a) tinha quando começou o problema na coluna? 
Q08607;Pratica exercício regularmente por causa do problema na coluna
Q08608;Faz fisioterapia por causa do problema na coluna 
Q08609;Usa medicamentos ou injeções 
Q08610;Faz uso de acupuntura, plantas medicinais e fitoterapia, homeopatia, meditação, yoga, tai chi chuan ou alguma outra prática integrativa e complementar por causa do problema na coluna
Q08611;Faz acompanhamento regular com profissional de saúde por causa do problema na coluna
Q087;Em geral, em que grau o problema na coluna limita as suas atividades habituais (tais como trabalhar, realizar afazeres domésticos, etc.)? 
Q088;Algum médico já lhe deu o diagnóstico de DORT? 
Q08901;Que idade o(a) Sr(a) tinha no primeiro diagnóstico de DORT?
Q08901;Que idade o(a) Sr(a) tinha no primeiro diagnóstico de DORT?
Q09007;Recomendado para DORT Praticar exercício regularmente
Q09008;Recomendado para DORT Fazer fisioterapia 
Q09009;Recomendado para DORT Usar medicamentos ou injeções 
Q09010;Recomendado para DORT Fazer uso de acupuntura, plantas medicinais e fitoterapia, homeopatia, meditação, yoga, tai chi chuan ou alguma outra prática integrativa e complementar
Q09011;Recomendado para DORT Fazer acompanhamento regular com profissional de saúde 
Q091;Em geral, em que grau o DORT limita as suas atividades habituais (tais como trabalhar, realizar afazeres domésticos etc.)? 
Q092;Algum médico ou profissional de saúde mental (como psiquiatra ou psicólogo) já lhe deu o diagnóstico de depressão?
Q09201;Algum médico já lhe receitou algum medicamento para depressão?
Q09202;Nas duas últimas semanas o(a) senhor(a) usou algum medicamento para depressão?
Q09301;Que idade o(a) Sr(a) tinha no primeiro diagnóstico de depressão? 
Q094;O(A) Sr(a) vai ao médico/serviço de saúde regularmente por causa da depressão ou só quando tem algum problema?
Q09502;Qual o principal motivo do(a) Sr(a) não visitar o médico/serviço de saúde regularmente por causa da depressão? 
Q09605;Por causa da depressão Faz psicoterapia 
Q09606;Por causa da depressão Toma medicamentos
Q09607;Por causa da depressão Faz uso de acupuntura, plantas medicinais e fitoterapia, homeopatia, meditação, yoga, tai chi chuan, liang gong ou alguma outra prática integrativa e complementar 
Q098;Algum dos medicamentos para depressão foi obtido em serviço público de saúde? 
Q100;O(A) Sr(a) pagou algum valor pelos medicamentos? 
Q10101;Quando foi a última vez que o(a) Sr(a) recebeu atendimento médico por causa da depressão? 
Q10202;Na última vez que recebeu assistência médica para depressão, onde o(a) Sr(a) foi atendido? 
Q104;O(A) Sr(a) pagou algum valor por esse atendimento?
Q105;Esse atendimento foi feito pelo SUS? 
Q106;Em algum dos atendimentos para depressão, houve encaminhamento para algum acompanhamento com profissional de saúde mental, como psiquiatra ou psicólogo? 
Q10701;O(A) Sr(a) conseguiu ir às consultas com profissional especialista de saúde mental? 
Q109;Em geral, em que grau a depressão limita as suas atividades habituais (tais como trabalhar, realizar afazeres domésticos, etc.)? 
Q11006;Algum médico ou profissional de saúde (como psiquiatra ou psicólogo) já lhe deu o diagnóstico de outra doença mental, como transtorno de ansiedade, síndrome do pânico, esquizofrenia, transtorno bipolar, psicose ou TOC (Transtorno Obsessivo Compulsivo) etc? 
Q11007;Diagnóstico de Esquizofrenia 
Q11008;Diagnóstico de Transtorno bipolar 
Q11009;Diagnóstico de TOC (Transtorno obsessivo compulsivo) 
Q11010;Outro diagnóstico
Q111;Que idade o(a) Sr(a) tinha no primeiro diagnóstico de doença mental? 
Q11201;O(A) Sr(a) visita o médico/serviço de saúde regularmente por causa dessa doença mental ou só quando tem algum problema?
Q11405;Por causa da doença mental faz psicoterapia 
Q11406;Por causa da doença mental usa medicamentos ou injeções 
Q11407;Por causa da doença mental Faz uso de acupuntura, plantas medicinais e fitoterapia, homeopatia, meditação, yoga, tai chi chuan ou alguma outra prática integrativa e complementar 
Q11408;Por causa da doença mental Faz acompanhamento regular com profissional de saúde
Q115;Em geral, em que grau essa doença mental limita as suas atividades habituais (tais como trabalhar, realizar afazeres domésticos etc.)? 
Q11604;Algum médico já lhe deu o diagnóstico de alguma outra doença crônica no pulmão, tais como enfisema pulmonar, bronquite crônica ou DPOC (Doença Pulmonar Obstrutiva Crônica)?
Q11605;Diagnóstico de enfisema pulmonar
Q11606;Diagnóstico de bronquite crônica 
Q11607;Diagnóstico de outro 
Q11701;Que idade o(a) Sr(a) tinha no primeiro diagnóstico dessa(s) doença(s) no pulmão? 
Q11806;Por causa da doença no pulmão Usa medicamentos (inaladores, aerossol ou comprimidos) 
Q11807;Por causa da doença no pulmão Usa oxigênio 
Q11808;Por causa da doença no pulmão Fisioterapia respiratória 
Q11809;Por causa da doença no pulmão Faz acompanhamento regular com profissional de saúde
Q119;Em geral, em que grau a doença do pulmão limita as suas atividades habituais (tais como trabalhar, realizar afazeres domésticos etc.)? 
Q120;Algum médico já lhe deu diagnóstico de câncer? 
Q12102;Foi um diagnóstico de câncer de pele? 
Q12103;O câncer de pele diagnosticado foi do tipo melanoma?
Q12104;Diagnóstico de outro câncer? Pulmão
Q12105;Diagnóstico de outro câncer? Cólon e reto (intestino) 
Q12106;Diagnóstico de outro câncer? Estômago
Q12107;Diagnóstico de outro câncer? Mama (só para mulheres) 
Q12108;Diagnóstico de outro câncer? Colo de útero (só para mulheres) 
Q12109;Diagnóstico de outro câncer? Próstata (só para homens) 
Q121010;Diagnóstico de outro câncer? Boca, Orofaringe ou Laringe 
Q121011;Diagnóstico de outro câncer? Bexiga
Q121012;Diagnóstico de outro câncer? Linfoma ou leucemia 
Q121013;Diagnóstico de outro câncer? Cérebro
Q121014;Diagnóstico de outro câncer? Ovário (só para mulheres) 
Q121015;Diagnóstico de outro câncer? Tireoide
Q121016;Diagnóstico de outro câncer?
Q12201;Que idade o(a) Sr(a) tinha no primeiro diagnóstico de doença mental? 
Q12301;Em geral, seu tratamento, ou algum problema provocado pelo câncer, limita as suas atividades profissionais ou habituais (tais como trabalhar, realizar afazeres domésticos, etc.)? 
Q124;Algum médico já lhe deu o diagnóstico de insuficiência renal crônica? 
Q125;Que idade o(a) Sr(a) tinha no primeiro diagnóstico de insuficiência renal crônica? 
Q12501;O Sr(a) fez transplante de rim, por causa da insuficiência renal crônica? 
Q12607;Toma medicamentos por causa da insuficiência renal crônica?
Q12608;Hemodiálise por causa da insuficiência renal crônica?
Q12609;Diálise peritoneal por causa da insuficiência renal crônica?
Q12610;Faz acompanhamento regular com profissional de saúde?
Q127;Em geral, em que grau a insuficiência renal crônica limita as suas atividades habituais (tais como trabalhar, realizar afazeres domésticos etc.)? 
Q128;Algum médico já lhe deu algum diagnóstico de outra doença crônica (física ou mental) ou doença de longa duração (de mais de 6 meses de duração)? 
Q132;Nas últimas duas semanas, o(a) Sr(a) fez uso de algum medicamento para dormir? 
Q133;Nas últimas duas semanas, por quantos dias usou o medicamento para dormir? 
Q134;O medicamento que o(a) Sr(a) usa (usou) para dormir foi receitado por médico?
R00101;Quando foi a última vez que a Sra fez exame preventivo para câncer de colo do útero
R002010; Qual o principal motivo da Sra não ter feito exame preventivo nos últimos três anos
R004; A Sra pagou algum valor pelo último exame preventivo para câncer do colo do útero? (Entrevistador: Se a entrevistada responder que pagou, mas teve reembolso, marque a opção 2)
R005;O último exame preventivo para câncer do colo do útero foi feito através do Sistema Único de Saúde (SUS)
R00601;Quanto tempo depois de ter realizado o último exame preventivo a Sra recebeu o resultado
R007;Após receber o resultado do exame, a Sra foi encaminhada a alguma consulta com ginecologista ou outro médico especialista
R008; A Sra foi à consulta
R009010;Qual o principal motivo da Sra não ter ido à consulta
R010;A sra já foi submetida a cirurgia para retirada do útero? 
R011;Segundo o médico, qual o motivo da retirada do útero? 
R012;Que idade a sra tinha quando foi submetida à cirurgia? 
R013;Quando foi a última vez que um médico ou enfermeiro fez o exame clínico das suas mamas
R014; Algum médico já lhe solicitou um exame de mamografia
R015; A Sra fez o exame de mamografia
R01701;Quando foi a última vez que a Sra fez um exame de mamografia
R019;A Sra pagou algum valor pela última mamografia?
R020;A última mamografia foi feita através do Sistema Único de Saúde (SUS)
R02101;Quanto tempo depois de ter realizado o último exame de mamografia a Sra recebeu o resultado
R022;Após receber o resultado da mamografia, a Sra foi encaminhada para consulta com médico especialista
R023;A Sra foi à consulta com o especialista
R02402;Qual o principal motivo da Sra não ter ido à consulta com o especialista
R025;Com que idade a sra ficou menstruada pela primeira vez?  
R026;A sra ainda fica menstruada? 
R027;Com que idade a sra parou de menstruar? 
R028;A sra já entrou na menopausa? 
R029;Alguma vez a sra fez ou faz tratamento hormonal para alívio dos sintomas da menopausa (com comprimidos, adesivos, gel ou injeções)? 
R030;Este medicamento foi receitado por médico?
R031;Nos últimos 12 meses, a sra teve relações sexuais? 
R032;Nos últimos 12 meses, a sra participou de grupo de planejamento familiar?
R033;E o seu parceiro participou de grupo de planejamento familiar? 
R034;A sra usa algum método para evitar a gravidez atualmente?
R035;Qual o principal motivo de não evitar a gravidez?
R03601;Pilula?
R03602;Tabela?
R03603;Camisinha masculina?
R03604;Camisinha feminina?
R03605;Diafragma?
R03606;DIU?
R03607;Contraceptivo injetável?
R03608;Implantes (Norplant)?
R03609;Creme/óvulo?
R03610;Píulula do dia seguinte?
R03611;Outro
R037;A sra e/ou seu companheiro já fizeram ou fazem algum tratamento para engravidar? 
R038;Há quanto tempo a sra está tentando engravidar?
S065;Alguma vez ficou grávida, mesmo que a gravidez não tenha chegado até o final?
S066;Quantos partos a Sra já teve?
S06701;Em que data foi o último parto?
S06702;Em que data foi o último parto?
S06703;Em que data foi o último parto?
S068;Quando estava grávida fez alguma consulta de pré-natal?
S06901;Quantas tempo de gravidez tinha quando fez a primeira consulta pré-natal?
S06902;Quantas tempo de gravidez tinha quando fez a primeira consulta pré-natal?
S070;Quantas consultas de pré-natal fez durante esta gravidez?
S071;Você fez a maioria das consultas do pré-natal em serviço de saúde de: 
S072;Pagou por alguma consulta de pré-natal? 
S073;As consultas do pré-natal foram feitas através do Sistema Único de Saúde (SUS)?
S074;Nesta gravidez, quem a atendeu na maioria das consultas?
S075;Nesta gravidez, você tinha uma caderneta/cartão da gestante? 
S076;Nesta gravidez, você fez algum exame de sangue, sem considerar o teste de gravidez? 
S077;Nesta gravidez, você fez algum exame de urina, sem considerar o teste de gravidez? 
S07901;Durante o pré-natal, em quantas consultas mediram sua pressão arterial?
S07902;Durante o pré-natal, em quantas consultas mediram o seu peso?
S07903;Durante o pré-natal, em quantas consultas mediram sua barriga?
S07904;Durante o pré-natal, em quantas consultas ouviram o coração do bebê?
S07905;Durante o pré-natal, em quantas consultas examinaram suas mamas?
S080;Durante o pré-natal de (nome) foi realizado teste? exame para sífilis? 
S081;Recebeu ou foi informada sobre o resultado do teste? exame para sífilis antes do parto?
S082;Qual foi o resultado do teste / exame para sífilis? 
S083;Recebeu tratamento para sífilis? 
S084;Foi solicitado teste/exame de sífilis para o seu parceiro(a)? 
S085;O seu parceiro recebeu o resultado do teste? exame para sífilis antes do parto?
S086;Qual foi o resultado do teste? exame para sífilis do seu parceiro?
S087;O seu parceiro foi tratado?
S088;Durante o pré-natal foi realizado teste? exame para hepatite B? 
S089;Recebeu o resultado da Hepatite B antes do parto? 
S090;Durante o pré-natal foi solicitado o teste? exame para HIV/AIDS?
S091;Neste pré-natal foi realizado teste? exame para HIV/AIDS?
S092;Recebeu o resultado do teste? exame para HIV/AIDS antes do parto? 
S095;Durante o pré-natal a Sra foi orientada a usar preservativo?
S096;Quanto tempo antes do parto a Sra foi à última consulta do pré-natal?
S097;Durante este pré-natal você foi informada/orientada pelo serviço de saúde/profissional de saúde sobre a maternidade para qual deveria se dirigir no momento do parto? 
S098;Quando estava grávida tomou alguma injeção para prevenir o bebê contra difteria e tétano (mal dos sete dias) – dT ou dTpa? 
S099;Quantas doses dessa injeção tomou durante esta gravidez? 
S09901;Número de doses
S109;Seu(sua) filho(a) foi pesado ao nascer? 
S110;Qual foi o peso dele(a) ao nascer? 
S11001;Peso ao nascer (em quilogramas)
S111;Quem fez o parto? 
S112;Onde foi realizado o parto?
S113;Pagou algum valor pelo parto? 
S114;O parto foi feito através do Sistema Único de Saúde (SUS)? 
S115;Qual foi o tipo de parto? 
S116;Nesta gravidez, entrou em trabalho de parto? 
S117;Qual o principal motivo de ter tido parto cesáreo? 
S118;Quantas semanas de gravidez tinha no momento do parto?
S11801;Quantidade de semanas
S119;Neste parto fizeram em você a episiotomia (aquele corte na vagina)? 
S120;Neste trabalho de parto foi oferecido algum método para alívio da dor?
S121;Neste trabalho de parto foi utilizado algum método para alívio da dor?
S122;Qual foi o método utilizado para o alívio da dor? 
S123;Alguém conhecido ficou com você durante todo o período de parto (pré-parto, parto e pós-parto)? 
S124;Em algum momento esse acompanhante foi o pai da criança? 
S125;Teve alguma complicação durante o parto?
S126;Você teve alguma complicação após o parto?
S127;Por causa dessa complicação precisou ser internada? 
S128;O parto foi realizado no estabelecimento de saúde indicado no pré-natal?
S129;Quantos serviços de saúde procurou quando entrou em trabalho de parto para que seu(sua) filho(a) pudesse nascer?
S130;Durante a primeira hora após o nascimento, seu(sua) filho(a) foi colocado(a) em contato com você pele a pele? 
S131;Depois do nascimento, ele(a) ficou com você no quarto até a alta hospitalar?
S132;Seu(sua) filho(a) saiu do hospital junto com você? 
S133;A criança não saiu do hospital junto com você porque: 
S134;Você fez consulta de puerpério (consulta com médico ou enfermeiro até 42 dias após o parto)? 
S135;Qual o motivo de não ter feito a consulta de puerpério (consulta com médico ou enfermeiro até 42 dias após o parto)? 
S136;Durante os primeiros três meses após o parto, você tomou medicamento contendo somente ferro ou ferro com vitaminas? 
S137;Por que não tomou o medicamento? 
S138;Na maioria das vezes, o medicamento contendo somente ferro ou ferro com vitaminas foi obtido em serviço público de saúde? 
S139;Após o parto, por quanto tempo tomou o medicamento contendo somente ferro ou ferro com vitaminas?
U00204; O que o(a) Sr(a) usa para fazer a limpeza de sua boca Escova de dente
U00205; O que o(a) Sr(a) usa para fazer a limpeza de sua boca Pasta de dente
U00206;O que o(a) Sr(a) usa para fazer a limpeza de sua boca Fio dental
U00207;O que o(a) Sr(a) usa para fazer a limpeza de sua boca Enxaguatório bucal (como plax, colgate, cepacol)
U00208;O que o(a) Sr(a) usa para fazer a limpeza de sua boca Outros
U00101;Com que frequência o(a) Sr(a) usa escova de dentes para a higiene bucal
U00401; Com que frequência o(a) Sr(a) troca a sua escova de dente por uma nova
U005;Em geral, como o(a) Sr(a) avalia sua saúde bucal (dentes e gengivas)
U006;Que grau de dificuldade o(a) Sr(s) tem para se alimentar por causa de problemas com seus dentes ou dentadura?
U00902;Qual o principal motivo que o(a) fez consultar o dentista na última vez
U01002;Onde foi a última consulta odontológica
U014;Como o(s) Sr(a) conseguiu a consulta odontológica:
U02001;O (A) Sr (a) pagou algum valor por esta consulta odontológica (Entrevistador: Se o(a) entrevistado (a) responder que pagou, mas teve reembolso total, marque a opção 2)
U02101; Esta consulta odontológica foi feita pelo SUS
U02302; Lembrando-se dos seus dentes permanentes de cima, o(a) Sr(a) perdeu algum
U02303;Quantos dentes permanentes de cima perdeu?
U02402;Lembrando-se dos seus dentes permanentes de baixo, o(a) Sr(a) perdeu algum
U02403;Quantos dentes permanentes de baixo perdeu?
U02501;O(A) Sr(a) usa algum tipo de prótese dentária (dente artificial, implante, dentadura, chapa)
Z001;Você já teve/tem filho(s) biológico(s)? 
Z00101;Quantos homens
Z00102;Quantas mulheres
Z002;Quantos anos você tinha quando seu primeiro filho nasceu?
Z003;Qual a idade do seu filho mais novo ou único nascido vivo? 
Z004;Atualmente, alguma mulher está grávida de você?
Z005;Na gravidez atual ou na do de seu último filho nascido vivo, você desejava ter filho naquele momento? 
Z006;Na gravidez atual ou na do seu último filho nascido vivo foi feito pré-natal? 
Z007;A maioria das consultas na gravidez atual ou na do seu último filho nascido vivo foi feita pelo SUS? 
Z008;Você acompanha ou acompanhou o pré-natal da gravidez atual ou da gravidez do seu último filho? 
Z009;Algum profissional de saúde responsável pelo pré-natal fez solicitação de exame para você? 
Z010;Você realizou os exames solicitados? 
Z011;Durante o pré-natal da gravidez atual ou da gravidez do último filho, você foi incentivado a participar de palestras, rodas de conversas, cursos, etc. sobre os cuidados com o bebê? 
Z012;Você foi informado por algum profissional de saúde, que realizou o pré-natal, sobre a possibilidade de participar do momento do parto? 
Z013;Tem filhos (as) adotivos (as)? 
Z01401;Quantos homens
Z01402;Quantas mulheres
V001;Foi assegurada a privacidade para aplicação desse módulo
V00101;O questionário foi preenchido por:
V00201;Nos últimos doze meses, alguém: Te ofendeu, humilhou ou ridicularizou na frente de outras pessoas?
V00202;Nos últimos doze meses, alguém: Gritou com você ou te xingou?
V00203;Nos últimos doze meses, alguém: Usou redes sociais ou celular para ameaçar, ofender, xingar ou expor imagens suas sem o seu consentimento? 
V00204;Nos últimos doze meses, alguém: Te ameaçou de ferir ou machucar alguém importante para você?
V00205;Nos últimos doze meses, alguém: Destruiu alguma coisa sua de propósito?
V003;Nos últimos doze meses, quantas vezes isso aconteceu com você?
V006;Quem fez isso com você? (Se mais de uma pessoa, defina o pirncipal agressor)
V007;Onde isso ocorreu?
V01401;Nos últimos doze meses, alguém: Te deu um tapa ou uma bofetada?
V01402;Nos últimos doze meses, alguém: Te empurrou, segurou com força ou jogou algo em você com a intenção de machucar?
V01403;Nos últimos doze meses, alguém: Te deu um soco, chutou ou arrastou pelo cabelo?
V01404;Nos últimos doze meses, alguém: Tentou ou efetivamente estrangulou, asfixiou ou te queimou de propósito?
V01405;Nos últimos doze meses, alguém: Te ameaçou ou feriu com uma faca, arma de fogo ou alguma outra arma ou objeto?
V015;Nos últimos doze meses, quantas vezes isso aconteceu?
V018;Quem fez isso com você
V019;Onde isso ocorreu?
V02701;Nos últimos doze meses, alguém: tocou, manipulou, beijou ou expôs partes do seu corpo contra sua vontade
V02702;Nos últimos doze meses, alguém: Te ameaçou ou forçou a ter relações sexuais ou quaisquer outros atos sexuais contra sua vontade?
V02801; E alguma vez na vida, alguém: tocou, manipulou, beijou ou expôs partes do seu corpo contra sua vontade
V02802;E alguma vez na vida, alguém: Te ameaçou ou forçou a ter relações sexuais ou quaisquer outros atos sexuais contra sua vontade?
V029;Nos últimos doze meses, quantas vezes isso aconteceu?
V032;Quem fez isso com você
V033; Onde isso ocorreu?
V034;Nos últimos doze meses, você deixou de realizar quaisquer de suas atividades habituais (trabalhar, realizar afazeres domésticos, ir à escola etc.) por causa desse ato
V03501;Esse(s) ato(s) sexual(is) forçado(s) gerou(aram) alguma consequência para sua saúde, tais como: Hematomas, cortes, fraturas, queimaduras ou outras lesões físicas ou ferimentos? 
V03502;Esse(s) ato(s) sexual(is) forçado(s) gerou(aram) alguma consequência para sua saúde, tais como: Medo, tristeza, desânimo, dificuldade para dormir, ansiedade, depressão ou outras consequências psicológicas? 
V03503;Esse(s) ato(s) sexual(is) forçado(s) gerou(aram) alguma consequência para sua saúde, tais como: Doença sexualmente transmissível ou gravidez indesejada?
V036;Por causa desta (s) consequência (s), você procurou algum atendimento de saúde
V037;Por causa desta (s) consequência (s), você recebeu algum atendimento de saúde
V038;Onde foi realizado este atendimento de saúde
V039;Por causa desta (s) consequência (s), você precisou ser internado por 24 horas ou mais
T001;O (a) Sr. (a) está com tosse há três semanas ou mais? 
T002;O (a) Sr (a) tem mancha com dormência ou parte da pele com dormência?
T003;Algum médico já lhe deu o diagnóstico de doença de Chagas? 
T004;Nos últimos 12 meses, algum médico lhe deu diagnóstico de doença/infecção sexualmente transmissível?
T005;Nesse diagnóstico (se houver mais de um, considere o último) de doença/infecção sexualmente transmissível, o(a) Sr(a) fez algum tipo de tratamento com prescrição médica? 
T00601;Nesse diagnóstico recebeu orientações? Usar regularmente preservativo 
T00602;Nesse diagnóstico recebeu orientações? Informar aos (às) parceiros (as) da infecção 
T00603;Nesse diagnóstico recebeu orientações? Fazer o teste de HIV 
T00604;Nesse diagnóstico recebeu orientações? Fazer o teste de sífilis 
T00605;Nesse diagnóstico recebeu orientações? Fazer os testes para as hepatites B e C 
T00606;Nesse diagnóstico recebeu orientações? Tomar vacina para hepatite B 
Y001;Que idade tinha quando teve relações sexuais pela primeira vez? 
Y00101;Idade do morador quando teve relações sexuais pela primeira vez
Y002;Nos últimos doze meses teve relações sexuais? 
Y003;Nos últimos doze meses nas relações sexuais que teve, com que frequência usou camisinha:
Y004;Nos últimos doze meses na última relação sexual que teve, foi usada camisinha masculina ou feminina? 
Y005;Qual o principal motivo por não ter usado camisinha?
Y006;Nos últimos doze meses, alguma vez procurou algum serviço público (posto, centro de saúde, hospital público, hospital conveniado do SUS, agente comunitário de saúde) para obter camisinha masculina ou feminina? 
Y007;Por que não procurou algum serviço público saúde para obter camisinha masculina ou feminina? 
Y008;Qual é a sua orientação sexual?
H001;Quando foi a última vez que o(a) sr(a) consultou com um(a) médico(a)?
H002;Essa consulta foi o seu primeiro atendimento com esse(a) médico(a)?
H003;Por qual motivo o(a) sr(a) precisou consultar com um(a) médico(a)
H004;Onde procurou o atendimento médico por este motivo?
H005;"Você geralmente procura “esse(a) médico(a)"" quando adoece ou precisa de conselhos sobre a sua saúde?"
H006;"“Esse(a)"" é o(a) médico(a) que melhor conhece você como pessoa?"
H007;"“Esse(a)"" é o(a) médico(a) mais responsável por seu atendimento de saúde?"
H008;"Quando você tem um novo problema de saúde, você vai à “esse(a) médico(a)"" antes de ir a outro serviço de saúde?"
H009;Quando o(a) “serviço de saúde” está aberto(a), você consegue aconselhamento rápido pelo telefone se precisar?
H010;"É difícil para você conseguir atendimento médico no(a) ""serviço de saúde” quando pensa que é necessário?"
H011;"Quando você vai ao(à) ""serviço de saúde"", é o(a) mesmo(a) médico(a) que atende você todas as vezes? "
H012;Você se sente à vontade contando as suas preocupações ou problemas à “esse(a) médico(a)”?
H013;“Esse(a) médico(a)” sabe quais problemas são mais importantes para você?
H014;Se fosse muito fácil, você mudaria do(a) “serviço de saúde” para outro serviço de saúde?
H015;"Você foi consultar qualquer tipo de especialista ou serviço especializado no período em que você está em acompanhamento com “esse(a) médico(a)""?"
H016;"“Esse(a) médico(a)"" sugeriu (indicou, encaminhou) que você fosse consultar com esse(a) especialista ou serviço especializado? "
H017;“Esse(a) médico(a)” escreveu alguma informação para o(a) especialista sobre o motivo dessa consulta?
H018;“Esse(a) médico(a)” sabe quais foram os resultados dessa consulta?
H019;“Esse(a) médico(a)” pareceu interessado(a) na qualidade do cuidado que você recebeu no(a) especialista ou serviço especializado (perguntou se você foi bem ou mal atendido(a))? 
H020;"Se quisesse, você poderia ler (consultar) o seu prontuário médico no(a) ""serviço de saúde""?"
H021;Aconselhamento para problemas de saúde mental (ex.: ansiedade, depressão)
H022;Aconselhamento sobre como parar de fumar
H023;Aconselhamento sobre as mudanças que acontecem com o envelhecimento (ex.: diminuição da memória, risco de cair)
H024;Orientações sobre alimentação saudável, boa higiene e sono adequado (dormir suficientemente)
H025;Orientações sobre exercícios físicos apropriados para você
H026;Verificar e discutir os medicamentos que você está usando
H027;Como prevenir quedas
H028;“Esse(a) médico(a)” pergunta as suas ideias e opiniões (o que você pensa) ao planejar o tratamento e cuidado para você ou para um membro da sua família? 
H029;“Esse(a) médico(a)” se reuniria com membros de sua família se você achasse necessário?
H030;No seu seviço de saúde são realizadas pesquisas com os pacientes para ver se os serviços estão satisfazendo (atendendo) as necessidades das pessoas
W001;Antropometria aferida do morador selecionado
W00101;"Peso - 1ª pesagem (em kg)
(3 inteiros e 1 casa decimal)"
W00102;"Peso - 2ª pesagem (em kg)
(3 inteiros e 1 casa decimal)"
W00103;"Peso - Final (em kg)
(3 inteiros e 1 casa decimal)"
W00201;"Altura - 1ª medição (em cm)
(3 inteiros e 1 casa decimal)"
W00202;"Altura - 2ª medição (em cm)
(3 inteiros e 1 casa decimal)"
W00203;"Altura - Final (em cm)
(3 inteiros e 1 casa decimal)"
V0028;Peso do domicílio e dos moradores sem calibração
V0029;Peso do morador selecionado sem calibração
V0030;Peso do morador selecionado para antropometria sem calibração
V00281;Peso do domicílio e dos moradores com calibração
V00291;Peso do morador selecionado com calibração
V00301;Peso do morador selecionado para antropometria com calibração
V00282;Projeção da população
V00292;Projeção da população para moradores selecionados
V00302;Projeção da população para moradores selecionados para antropometria
V00283;Domínio de projeção para domicílio e moradores
V00293;Domínio de projeção para morador selecionado
V00303;Domínio de projeção para morador selecionado para antropometria
VDC001;Número de componentes do domicílio (exclusive as pessoas cuja condição na família era pensionista, empregado doméstico ou parente do empregado doméstico) 
VDC003;Total de moradores com 15 anos ou mais
VDD004A;Nível de instrução mais elevado alcançado (pessoas de 5 anos ou mais de idade) padronizado para o Ensino Fundamental -  SISTEMA DE 9 ANOS
VDE001;Condição em relação à força de trabalho na semana de referência para pessoas de 14 anos ou mais de idade
VDE002;Condição de ocupação na semana de referência para pessoas de 14 anos ou mais de idade
VDE014;Grupamentos de atividade do trabalho principal da semana de referência para pessoas de 14 anos ou mais de idade
VDF002;"Rendimento domiciliar 
(exclusive o rendimento das pessoas cuja condição na unidade domiciliar era pensionista, empregado doméstico ou parente do empregado doméstico)"
VDF003;"Rendimento domiciliar per capita
(exclusive o rendimento das pessoas cuja condição na unidade domiciliar era pensionista, empregado doméstico ou parente do empregado doméstico)"
VDF004;Faixa de rendimento domiciliar per capita (exclusive o rendimento das pessoas cuja condição na unidade domiciliar era pensionista, empregado doméstico ou parente do empregado doméstico)
VDL001;Idade em meses das crianças nascidas no período de referência do Módulo L
VDM001;Faixa de tempo gasto por dia no deslocamento casa-trabalho pelas pessoas ocupadas que se deslocavam para o trabalho
VDP001;Tipo de cigarro industrializado comprado
VDR001;Método contraceptivo mais eficaz que faz uso
VDDATA;Data de geração do arquivo de microdados. Data ordenada na forma: ano (4 algarismos), mês (2) e dia (2) -  AAAAMMDD
